key,english,translation,status,notes
auth.orEmail,or continue with email,ಅಥವಾ ಇಮೇಲ್ ಮೂಲಕ ಮುಂದುವರಿಸಿ,pending,
auth.google,Continue with Google,Google ಮೂಲಕ ಮುಂದುವರಿಸಿ,pending,
auth.email,Email,ಇಮೇಲ್,pending,
auth.emailPlaceholder,you@example.com,you@example.com,pending,
auth.password,Password,ಪಾಸ್‌ವರ್ಡ್,pending,
auth.forgotPassword,Forgot password?,ಪಾಸ್‌ವರ್ಡ್ ಮರೆತಿರಾ?,pending,
auth.signIn,Sign in,ಸೈನ್ ಇನ್,pending,
auth.signingIn,Signing in…,ಸೈನ್ ಇನ್ ಆಗುತ್ತಿದೆ…,pending,
auth.noAccount,Don’t have an account?,ಖಾತೆ ಇಲ್ಲವೇ?,pending,
auth.signUp,Sign up,ಸೈನ್ ಅಪ್,pending,
auth.fullName,Full name,ಪೂರ್ಣ ಹೆಸರು,pending,
auth.namePlaceholder,Your name,ನಿಮ್ಮ ಹೆಸರು,pending,
auth.passwordPlaceholder,At least 8 characters,ಕನಿಷ್ಠ 8 ಅಕ್ಷರಗಳು,pending,
auth.createAccount,Create account,ಖಾತೆ ರಚಿಸಿ,pending,
auth.creatingAccount,Creating account…,ಖಾತೆ ರಚಿಸಲಾಗುತ್ತಿದೆ…,pending,
auth.agreePrefix,"By creating an account, you agree to our",ಖಾತೆ ರಚಿಸುವ ಮೂಲಕ ನೀವು ಇವುಗಳಿಗೆ ಒಪ್ಪುತ್ತೀರಿ:,pending,
auth.and,and,ಮತ್ತು,pending,
auth.terms,Terms of Service,ಸೇವಾ ನಿಯಮಗಳು,pending,
auth.privacy,Privacy Policy,ಗೌಪ್ಯತಾ ನೀತಿ,pending,
auth.haveAccount,Already have an account?,ಈಗಾಗಲೇ ಖಾತೆ ಇದೆಯೇ?,pending,
auth.resetSent,Check your email — a reset link is on its way.,ನಿಮ್ಮ ಇಮೇಲ್ ನೋಡಿ — ರೀಸೆಟ್ ಲಿಂಕ್ ಕಳುಹಿಸಲಾಗಿದೆ.,pending,
auth.backToSignIn,Back to sign in,ಸೈನ್ ಇನ್‌ಗೆ ಹಿಂತಿರುಗಿ,pending,
auth.sendReset,Send reset link,ರೀಸೆಟ್ ಲಿಂಕ್ ಕಳುಹಿಸಿ,pending,
auth.sending,Sending…,ಕಳುಹಿಸಲಾಗುತ್ತಿದೆ…,pending,
auth.remembered,Remembered it?,ನೆನಪಾಯಿತೇ?,pending,
auth.pages.loginTitle,Welcome back,ಮತ್ತೆ ಸ್ವಾಗತ,pending,
auth.pages.loginDesc,Sign in to your {app} account,ನಿಮ್ಮ {app} ಖಾತೆಗೆ ಸೈನ್ ಇನ್ ಮಾಡಿ,pending,
auth.pages.confirmEmail,"Check your email to confirm your account, then sign in.","ಖಾತೆ ದೃಢೀಕರಿಸಲು ನಿಮ್ಮ ಇಮೇಲ್ ನೋಡಿ, ನಂತರ ಸೈನ್ ಇನ್ ಮಾಡಿ.",pending,
auth.pages.linkExpired,Your link is invalid or has expired.,ನಿಮ್ಮ ಲಿಂಕ್ ತಪ್ಪಾಗಿದೆ ಅಥವಾ ಅವಧಿ ಮುಗಿದಿದೆ.,pending,
auth.pages.requestNew,Request a new one.,ಹೊಸ ಲಿಂಕ್ ಕೇಳಿ.,pending,
auth.pages.signupTitle,Create your account,ನಿಮ್ಮ ಖಾತೆ ರಚಿಸಿ,pending,
auth.pages.signupDesc,Start your daily brain-skills practice,ನಿಮ್ಮ ದಿನನಿತ್ಯದ ಮೆದುಳಿನ ಕೌಶಲ್ಯ ಅಭ್ಯಾಸ ಆರಂಭಿಸಿ,pending,
auth.pages.resetTitle,Reset your password,ನಿಮ್ಮ ಪಾಸ್‌ವರ್ಡ್ ರೀಸೆಟ್ ಮಾಡಿ,pending,
auth.pages.resetDesc,Enter your email and we’ll send you a reset link,"ನಿಮ್ಮ ಇಮೇಲ್ ಬರೆಯಿರಿ, ನಾವು ರೀಸೆಟ್ ಲಿಂಕ್ ಕಳುಹಿಸುತ್ತೇವೆ",pending,
auth.pages.newPasswordTitle,Set a new password,ಹೊಸ ಪಾಸ್‌ವರ್ಡ್ ಹೊಂದಿಸಿ,pending,
auth.pages.newPasswordDesc,Choose a strong password for your account,ನಿಮ್ಮ ಖಾತೆಗೆ ಬಲವಾದ ಪಾಸ್‌ವರ್ಡ್ ಆರಿಸಿ,pending,
auth.pages.deviceLogout,You were signed out because your account was opened on another device.,ನಿಮ್ಮ ಖಾತೆ ಇನ್ನೊಂದು ಸಾಧನದಲ್ಲಿ ತೆರೆಯಲಾಗಿದ್ದರಿಂದ ನಿಮ್ಮನ್ನು ಸೈನ್ ಔಟ್ ಮಾಡಲಾಗಿದೆ.,pending,
auth.device.title,Continue here?,ಇಲ್ಲೇ ಮುಂದುವರಿಸಬೇಕೆ?,pending,
auth.device.activeOn,Your account is currently active on {device}.,ನಿಮ್ಮ ಖಾತೆ ಈಗ {device} ನಲ್ಲಿ ಸಕ್ರಿಯವಾಗಿದೆ.,pending,
auth.device.activeElsewhere,Your account is currently active on another device.,ನಿಮ್ಮ ಖಾತೆ ಈಗ ಇನ್ನೊಂದು ಸಾಧನದಲ್ಲಿ ಸಕ್ರಿಯವಾಗಿದೆ.,pending,
auth.device.explain,Continue here and log out there? You can only be actively signed in on one device at a time.,ಇಲ್ಲಿ ಮುಂದುವರಿಸಿ ಅಲ್ಲಿಂದ ಲಾಗ್ ಔಟ್ ಆಗಬೇಕೆ? ಒಂದು ಸಮಯದಲ್ಲಿ ಒಂದೇ ಸಾಧನದಲ್ಲಿ ಸೈನ್ ಇನ್ ಆಗಿರಬಹುದು.,pending,
auth.device.continue,Continue here and log out there,"ಇಲ್ಲಿ ಮುಂದುವರಿಸಿ, ಅಲ್ಲಿಂದ ಲಾಗ್ ಔಟ್ ಮಾಡಿ",pending,
auth.device.wait,Please wait…,ದಯವಿಟ್ಟು ಕಾಯಿರಿ…,pending,
auth.gateway.loginTitle,Sign in,ಸೈನ್ ಇನ್,pending,
auth.gateway.loginDesc,Sign in to continue.,ಮುಂದುವರಿಸಲು ಸೈನ್ ಇನ್ ಮಾಡಿ.,pending,
auth.gateway.signupTitle,Create your account,ನಿಮ್ಮ ಖಾತೆ ರಚಿಸಿ,pending,
auth.gateway.signupDesc,Free to start — no card needed.,ಆರಂಭ ಉಚಿತ — ಕಾರ್ಡ್ ಬೇಕಿಲ್ಲ.,pending,
auth.validation.email,Please enter a valid email address,ದಯವಿಟ್ಟು ಸರಿಯಾದ ಇಮೇಲ್ ವಿಳಾಸ ಬರೆಯಿರಿ,pending,
auth.validation.passwordRequired,Password is required,ಪಾಸ್‌ವರ್ಡ್ ಅಗತ್ಯ,pending,
auth.validation.nameShort,Name must be at least 2 characters,ಹೆಸರು ಕನಿಷ್ಠ 2 ಅಕ್ಷರಗಳಿರಬೇಕು,pending,
auth.validation.passwordShort,Password must be at least 8 characters,ಪಾಸ್‌ವರ್ಡ್ ಕನಿಷ್ಠ 8 ಅಕ್ಷರಗಳಿರಬೇಕು,pending,
auth.errors.invalidCredentials,Email or password is not correct.,ಇಮೇಲ್ ಅಥವಾ ಪಾಸ್‌ವರ್ಡ್ ಸರಿಯಿಲ್ಲ.,pending,
auth.errors.emailNotConfirmed,Please confirm your email first — check your inbox.,ದಯವಿಟ್ಟು ಮೊದಲು ನಿಮ್ಮ ಇಮೇಲ್ ದೃಢೀಕರಿಸಿ — ನಿಮ್ಮ ಇನ್‌ಬಾಕ್ಸ್ ನೋಡಿ.,pending,
auth.errors.userExists,An account with this email already exists. Please sign in.,ಈ ಇಮೇಲ್‌ನಲ್ಲಿ ಈಗಾಗಲೇ ಖಾತೆ ಇದೆ. ದಯವಿಟ್ಟು ಸೈನ್ ಇನ್ ಮಾಡಿ.,pending,
auth.errors.tooMany,Too many attempts. Please wait a moment and try again.,ಹಲವು ಪ್ರಯತ್ನಗಳು. ಸ್ವಲ್ಪ ಕಾಯ್ದು ಮತ್ತೆ ಪ್ರಯತ್ನಿಸಿ.,pending,
auth.errors.generic,Something went wrong. Please try again.,ಏನೋ ತಪ್ಪಾಗಿದೆ. ದಯವಿಟ್ಟು ಮತ್ತೆ ಪ್ರಯತ್ನಿಸಿ.,pending,
auth.errors.invalidInput,Please check what you entered.,ದಯವಿಟ್ಟು ನೀವು ಬರೆದದ್ದನ್ನು ಪರಿಶೀಲಿಸಿ.,pending,
common.language.label,Language,ಭಾಷೆ,pending,
common.language.choose,Choose your language,ನಿಮ್ಮ ಭಾಷೆ ಆಯ್ಕೆಮಾಡಿ,pending,
common.language.saved,Saved,ಉಳಿಸಲಾಗಿದೆ,pending,
common.language.reviewNote,This language is new — a native speaker is still reviewing the translation.,ಈ ಭಾಷೆ ಹೊಸದು — ಅನುವಾದವನ್ನು ಸ್ಥಳೀಯ ಭಾಷಿಕರು ಇನ್ನೂ ಪರಿಶೀಲಿಸುತ್ತಿದ್ದಾರೆ.,pending,
common.practiceNote,Practice text in English — {language} practice text coming soon.,ಅಭ್ಯಾಸದ ಪಠ್ಯ ಇಂಗ್ಲಿಷ್‌ನಲ್ಲಿದೆ — {language} ಅಭ್ಯಾಸ ಪಠ್ಯ ಶೀಘ್ರದಲ್ಲೇ ಬರಲಿದೆ.,pending,
common.actions.start,Start,ಪ್ರಾರಂಭಿಸಿ,pending,
common.actions.begin,Begin,ಪ್ರಾರಂಭಿಸಿ,pending,
common.actions.continue,Continue,ಮುಂದುವರಿಸಿ,pending,
common.actions.back,Back,ಹಿಂದೆ,pending,
common.actions.exit,Exit,ನಿರ್ಗಮಿಸಿ,pending,
common.actions.done,Done,ಮುಗಿದಿದೆ,pending,
common.actions.close,Close,ಮುಚ್ಚಿ,pending,
common.actions.save,Save,ಉಳಿಸಿ,pending,
common.actions.cancel,Cancel,ರದ್ದುಮಾಡಿ,pending,
common.actions.retry,Try again,ಮತ್ತೆ ಪ್ರಯತ್ನಿಸಿ,pending,
common.actions.maybeLater,Maybe later,ನಂತರ,pending,
common.actions.pause,Pause,ವಿರಾಮ,pending,
common.actions.resume,Resume,ಮುಂದುವರಿಸಿ,pending,
common.actions.restart,Restart,ಮರುಪ್ರಾರಂಭಿಸಿ,pending,
common.actions.next,Next,ಮುಂದೆ,pending,
common.actions.finish,Finish,ಮುಗಿಸಿ,pending,
common.actions.seeResults,See results,ಫಲಿತಾಂಶ ನೋಡಿ,pending,
common.actions.loading,Loading…,ಲೋಡ್ ಆಗುತ್ತಿದೆ…,pending,
curriculum.eyebrow,Sharp Brain 30-Day Curriculum,Sharp Brain 30-ದಿನಗಳ ಕೋರ್ಸ್,pending,
curriculum.title,Your daily roadmap,ನಿಮ್ಮ ದಿನನಿತ್ಯದ ರೋಡ್‌ಮ್ಯಾಪ್,pending,
curriculum.intro,"30 days in 4 phases, mixing Brain Gym, visual memory and attention, visualisation and reading practice into one balanced circuit — with real WPM and comprehension checkpoints along the way.","4 ಹಂತಗಳಲ್ಲಿ 30 ದಿನಗಳು — Brain Gym, ದೃಷ್ಟಿ ನೆನಪು ಮತ್ತು ಗಮನ, ಕಲ್ಪನೆ ಮತ್ತು ಓದಿನ ಅಭ್ಯಾಸ ಒಂದೇ ಸಮತೋಲನದ ಸರ್ಕ್ಯೂಟ್‌ನಲ್ಲಿ — ನಡುವೆ ನಿಜವಾದ WPM ಮತ್ತು ಅರ್ಥಗ್ರಹಣ ಪರೀಕ್ಷೆಗಳೊಂದಿಗೆ.",pending,
curriculum.metrics.brainScore,Brain Score,ಮೆದುಳಿನ ಸ್ಕೋರ್,pending,
curriculum.metrics.readingGrowth,Reading growth,ಓದಿನ ಬೆಳವಣಿಗೆ,pending,
curriculum.metrics.comprehension,Comprehension,ಅರ್ಥಗ್ರಹಣ,pending,
curriculum.metrics.consistency,Consistency,ನಿಯಮಿತತೆ,pending,
curriculum.metrics.visualizationDepth,Visualisation depth,ಕಲ್ಪನೆಯ ಆಳ,pending,
curriculum.allDays,All 30 days,ಎಲ್ಲಾ 30 ದಿನಗಳು,pending,
curriculum.allDaysHintPro,Day N opens once Day N-1 is complete. Star days are real WPM + comprehension checkpoints.,ದಿನ N-1 ಮುಗಿದ ನಂತರವೇ ದಿನ N ತೆರೆಯುತ್ತದೆ. ನಕ್ಷತ್ರದ ದಿನಗಳು ನಿಜವಾದ WPM + ಅರ್ಥಗ್ರಹಣ ಪರೀಕ್ಷೆಯ ದಿನಗಳು.,pending,
curriculum.allDaysHintFree,Enrol to open the full 30-day curriculum. Days you have already completed stay open. Star days are real WPM + comprehension checkpoints.,ಪೂರ್ಣ 30-ದಿನಗಳ ಕೋರ್ಸ್ ತೆರೆಯಲು ನೋಂದಾಯಿಸಿ. ನೀವು ಮುಗಿಸಿದ ದಿನಗಳು ತೆರೆದೇ ಇರುತ್ತವೆ. ನಕ್ಷತ್ರದ ದಿನಗಳು ನಿಜವಾದ WPM + ಅರ್ಥಗ್ರಹಣ ಪರೀಕ್ಷೆಯ ದಿನಗಳು.,pending,
curriculum.startProgram,Start the {program},{program} ಆರಂಭಿಸಿ,pending,
curriculum.phaseLabel,Phase {phase} · Days {start}–{end},ಹಂತ {phase} · ದಿನ {start}–{end},pending,
curriculum.dayShort,Day {day},ದಿನ {day},pending,
curriculum.dayLockedTitle,Day {day} — enrol to unlock,ದಿನ {day} — ತೆರೆಯಲು ನೋಂದಾಯಿಸಿ,pending,
curriculum.categories.brainGym,Brain Gym,Brain Gym,pending,
curriculum.categories.visualFocusMemory,Visual Focus & Memory,ದೃಷ್ಟಿ ಫೋಕಸ್ ಮತ್ತು ನೆನಪು,pending,
curriculum.categories.visualization,Visualisation,ಕಲ್ಪನೆ,pending,
curriculum.categories.readingIntelligence,Reading Intelligence,ಓದಿನ ಬುದ್ಧಿಶಕ್ತಿ,pending,
curriculum.detail.backToAll,All 30 days,ಎಲ್ಲಾ 30 ದಿನಗಳು,pending,
curriculum.detail.dayCompleteUnlocked,Day {day} complete! Day {next} is now unlocked.,ದಿನ {day} ಮುಗಿದಿದೆ! ಈಗ ದಿನ {next} ತೆರೆದಿದೆ.,pending,
curriculum.detail.phaseDay,Phase {phase} · Day {day},ಹಂತ {phase} · ದಿನ {day},pending,
curriculum.detail.checkpointDay,Checkpoint day,ಪರೀಕ್ಷೆಯ ದಿನ,pending,
curriculum.detail.completed,Completed,ಮುಗಿದಿದೆ,pending,
curriculum.detail.checkpointRecorded,Checkpoint recorded,ಪರೀಕ್ಷೆ ದಾಖಲಾಗಿದೆ,pending,
curriculum.detail.trueWpm,True WPM,ನಿಜವಾದ WPM,pending,
curriculum.detail.comprehension,Comprehension,ಅರ್ಥಗ್ರಹಣ,pending,
curriculum.detail.vsBaseline,vs. your Day 1 baseline,ನಿಮ್ಮ ದಿನ 1 ಕ್ಕೆ ಹೋಲಿಸಿದರೆ,pending,
curriculum.detail.dayDone,Day {day} complete — nice work.,ದಿನ {day} ಮುಗಿದಿದೆ — ಚೆನ್ನಾಗಿ ಮಾಡಿದಿರಿ.,pending,
curriculum.detail.practiceAgain,Practice this day again,ಈ ದಿನವನ್ನು ಮತ್ತೆ ಅಭ್ಯಾಸ ಮಾಡಿ,pending,
curriculum.detail.uploadStarted,Chapter upload started for Day {day},ದಿನ {day} ಗಾಗಿ ಅಧ್ಯಾಯ ಅಪ್‌ಲೋಡ್ ಆರಂಭವಾಗಿದೆ,pending,
curriculum.detail.uploadStartedHint,Go back to Upload & Learn any time to pick up where you left off.,ಬಿಟ್ಟಲ್ಲಿಂದ ಮುಂದುವರಿಸಲು ಯಾವಾಗ ಬೇಕಾದರೂ Upload & Learn ಗೆ ಹಿಂತಿರುಗಿ.,pending,
curriculum.detail.uploadToday,Upload today’s chapter,ಇಂದಿನ ಅಧ್ಯಾಯ ಅಪ್‌ಲೋಡ್ ಮಾಡಿ,pending,
curriculum.detail.uploadTodayHint,Bring real reading material for “{title}” and practise Sharp Brain on the real thing.,“{title}” ಗಾಗಿ ನಿಜವಾದ ಓದಿನ ವಿಷಯ ತನ್ನಿ ಮತ್ತು ನಿಜವಾದ ಪಠ್ಯದ ಮೇಲೆ Sharp Brain ಅಭ್ಯಾಸ ಮಾಡಿ.,pending,
curriculum.detail.uploadLink,Upload & Learn →,Upload & Learn →,pending,
curriculum.player.dayDone,{title} — done!,{title} — ಮುಗಿಯಿತು!,pending,
curriculum.player.allExercisesDone,All {count} exercises complete. Day {next} is now unlocked.,ಎಲ್ಲಾ {count} ವ್ಯಾಯಾಮಗಳು ಮುಗಿದಿವೆ. ಈಗ ದಿನ {next} ತೆರೆದಿದೆ.,pending,
curriculum.player.backToRoadmap,Back to roadmap,ರೋಡ್‌ಮ್ಯಾಪ್‌ಗೆ ಹಿಂತಿರುಗಿ,pending,
curriculum.player.oneMoreStep,One more step,ಇನ್ನೊಂದೇ ಹೆಜ್ಜೆ,pending,
curriculum.player.niceWork,Nice work today.,ಇಂದು ಚೆನ್ನಾಗಿ ಮಾಡಿದಿರಿ.,pending,
curriculum.player.checkpointIntro,This is a checkpoint day — finish with a short WPM and comprehension check-in to complete Day {day}.,ಇದು ಪರೀಕ್ಷೆಯ ದಿನ — ದಿನ {day} ಮುಗಿಸಲು ಕೊನೆಯಲ್ಲಿ ಚಿಕ್ಕ WPM ಮತ್ತು ಅರ್ಥಗ್ರಹಣ ಪರೀಕ್ಷೆ ಮಾಡಿ.,pending,
curriculum.player.startCheckIn,Start check-in,ಪರೀಕ್ಷೆ ಆರಂಭಿಸಿ,pending,
curriculum.player.stepOf,Step {step} of {total} · {category},{total} ರಲ್ಲಿ ಹೆಜ್ಜೆ {step} · {category},pending,
curriculum.player.skipExercise,Skip exercise,ವ್ಯಾಯಾಮ ಬಿಡಿ,pending,
curriculum.player.skip,Skip,ಬಿಡಿ,pending,
curriculum.player.exitToRoadmap,Exit to roadmap,ರೋಡ್‌ಮ್ಯಾಪ್‌ಗೆ ಹೋಗಿ,pending,
curriculum.player.skipStep,Skip this step,ಈ ಹೆಜ್ಜೆ ಬಿಡಿ,pending,
curriculum.player.continueGuided,Continue in its own guided view,ಅದರದೇ ಮಾರ್ಗದರ್ಶಿತ ನೋಟದಲ್ಲಿ ಮುಂದುವರಿಸಿ,pending,
curriculum.player.gatedIntro,"This exercise has its own guided flow with progress tracking — it opens in its own focused view, then brings you straight back here.","ಈ ವ್ಯಾಯಾಮಕ್ಕೆ ಪ್ರಗತಿ ದಾಖಲಿಸುವ ತನ್ನದೇ ಮಾರ್ಗದರ್ಶಿತ ಹರಿವು ಇದೆ — ಇದು ಪ್ರತ್ಯೇಕ ನೋಟದಲ್ಲಿ ತೆರೆಯುತ್ತದೆ, ನಂತರ ನಿಮ್ಮನ್ನು ನೇರವಾಗಿ ಇಲ್ಲಿಗೆ ಕರೆತರುತ್ತದೆ.",pending,
curriculum.phaseComplete.title,Phase {phase} complete!,ಹಂತ {phase} ಮುಗಿದಿದೆ!,pending,
curriculum.phaseComplete.upNext,Up next — Phase {phase}: {title}.,ಮುಂದೆ — ಹಂತ {phase}: {title}.,pending,
curriculum.finishPrevious.title,Day {day} opens after Day {previous},"ದಿನ {day}, ದಿನ {previous} ನಂತರ ತೆರೆಯುತ್ತದೆ",pending,
curriculum.finishPrevious.body,The 30 days open one after another. Finish Day {previous} and Day {day} opens straight away.,"30 ದಿನಗಳು ಒಂದರ ನಂತರ ಒಂದರಂತೆ ತೆರೆಯುತ್ತವೆ. ದಿನ {previous} ಮುಗಿಸಿ, ದಿನ {day} ತಕ್ಷಣ ತೆರೆಯುತ್ತದೆ.",pending,
curriculum.finishPrevious.goTo,Go to Day {previous},ದಿನ {previous} ಗೆ ಹೋಗಿ,pending,
curriculum.assessment.eyebrow,Checkpoint complete,ಪರೀಕ್ಷೆ ಮುಗಿದಿದೆ,pending,
curriculum.assessment.title,Day {day} assessment,ದಿನ {day} ಮೌಲ್ಯಮಾಪನ,pending,
curriculum.paywall.dayTitle,Day {day} is part of the {program},"ದಿನ {day}, {program} ನ ಭಾಗ",pending,
curriculum.paywall.startTitle,Start the {program},{program} ಆರಂಭಿಸಿ,pending,
curriculum.paywall.body,"All 30 days of the curriculum — real WPM and comprehension checkpoints, and 7 live classes with Dr. Kapil Dev Sharma — open when you enrol. Days you have already completed stay open.","ಕೋರ್ಸ್‌ನ ಎಲ್ಲಾ 30 ದಿನಗಳು — ನಿಜವಾದ WPM ಮತ್ತು ಅರ್ಥಗ್ರಹಣ ಪರೀಕ್ಷೆಗಳು, ಮತ್ತು Dr. Kapil Dev Sharma ಅವರೊಂದಿಗೆ 7 ಲೈವ್ ತರಗತಿಗಳು — ನೋಂದಾಯಿಸಿದ ತಕ್ಷಣ ತೆರೆಯುತ್ತವೆ. ನೀವು ಮುಗಿಸಿದ ದಿನಗಳು ತೆರೆದೇ ಇರುತ್ತವೆ.",pending,
curriculumPlan.days.d1.title,Baseline & Visual Warm-Up,ಆರಂಭಿಕ ಅಳತೆ ಮತ್ತು ಕಣ್ಣಿನ ವಾರ್ಮ್-ಅಪ್,pending,
curriculumPlan.days.d1.focus,"Establish your true baseline WPM and comprehension score, then begin waking up your visual system.","ನಿಮ್ಮ ನಿಜವಾದ ಆರಂಭಿಕ WPM ಮತ್ತು ಅರ್ಥಗ್ರಹಣ ಸ್ಕೋರ್ ತಿಳಿಯಿರಿ, ನಂತರ ನಿಮ್ಮ ದೃಷ್ಟಿ ವ್ಯವಸ್ಥೆಯನ್ನು ಎಚ್ಚರಿಸಲು ಆರಂಭಿಸಿ.",pending,
curriculumPlan.days.d2.title,Eye Foundation Ignition,ಕಣ್ಣಿನ ಅಡಿಪಾಯದ ಆರಂಭ,pending,
curriculumPlan.days.d2.focus,Build the ocular strength and control every later gain depends on.,ಕಣ್ಣಿನ ಶಕ್ತಿ ಮತ್ತು ನಿಯಂತ್ರಣ ಬೆಳೆಸಿ — ಮುಂದಿನ ಪ್ರತಿಯೊಂದು ಬೆಳವಣಿಗೆ ಇದರ ಮೇಲೇ ನಿಂತಿದೆ.,pending,
curriculumPlan.days.d3.title,First Visual Focus Session,ಮೊದಲ ದೃಷ್ಟಿ ಫೋಕಸ್ ಸೆಷನ್,pending,
curriculumPlan.days.d3.focus,"Introduce visual, non-verbal recall alongside your reading warm-ups.",ಓದಿನ ವಾರ್ಮ್-ಅಪ್ ಜೊತೆಗೆ ಪದಗಳಿಲ್ಲದೆ ನೋಡಿ ನೆನಪಿಡುವ ಅಭ್ಯಾಸ ಆರಂಭಿಸಿ.,pending,
curriculumPlan.days.d4.title,Rhythm & Chunk Awareness,ಲಯ ಮತ್ತು ಪದಗುಚ್ಛದ ಗುರುತು,pending,
curriculumPlan.days.d4.focus,Start noticing word groups instead of single words.,ಒಂದೊಂದೇ ಪದದ ಬದಲು ಪದಗಳ ಗುಂಪನ್ನು ಗಮನಿಸಲು ಆರಂಭಿಸಿ.,pending,
curriculumPlan.days.d5.title,Visualization Opens,ಕಲ್ಪನೆ ತೆರೆದುಕೊಳ್ಳುತ್ತದೆ,pending,
curriculumPlan.days.d5.focus,Begin training the mental screen behind your eyes.,ಕಣ್ಣಿನ ಹಿಂದಿನ ಮನಸ್ಸಿನ ಪರದೆಯನ್ನು ತರಬೇತಿಗೊಳಿಸಲು ಆರಂಭಿಸಿ.,pending,
curriculumPlan.days.d6.title,Foundation Consolidation,ಅಡಿಪಾಯ ಬಲಪಡಿಸುವುದು,pending,
curriculumPlan.days.d6.focus,Reinforce the week's gains with a full balanced circuit.,ಪೂರ್ಣ ಸಮತೋಲನದ ಸರ್ಕ್ಯೂಟ್‌ನಿಂದ ಈ ವಾರದ ಬೆಳವಣಿಗೆಯನ್ನು ಗಟ್ಟಿಗೊಳಿಸಿ.,pending,
curriculumPlan.days.d7.title,Checkpoint — Foundation Review,ಪರೀಕ್ಷೆ — ಅಡಿಪಾಯದ ಪರಿಶೀಲನೆ,pending,
curriculumPlan.days.d7.focus,Re-measure WPM and comprehension to confirm real week-one growth.,ಮೊದಲ ವಾರದ ನಿಜವಾದ ಬೆಳವಣಿಗೆ ದೃಢಪಡಿಸಲು WPM ಮತ್ತು ಅರ್ಥಗ್ರಹಣ ಮತ್ತೆ ಅಳೆಯಿರಿ.,pending,
curriculumPlan.days.d8.title,Visual Focus Expansion Begins,ದೃಷ್ಟಿ ಫೋಕಸ್ ವಿಸ್ತರಣೆ,pending,
curriculumPlan.days.d8.focus,Deepen visual and intuitive recall training.,ನೋಡಿ ಮತ್ತು ಅಂತಃಪ್ರಜ್ಞೆಯಿಂದ ನೆನಪಿಡುವ ತರಬೇತಿಯನ್ನು ಆಳಗೊಳಿಸಿ.,pending,
curriculumPlan.days.d9.title,Inner Voice Awareness,ಒಳಗಿನ ಧ್ವನಿಯ ಅರಿವು,pending,
curriculumPlan.days.d9.focus,Start noticing and interrupting your inner voice while reading.,ಓದುವಾಗ ಮನಸ್ಸಿನಲ್ಲಿ ಮಾತನಾಡುವ ಧ್ವನಿಯನ್ನು ಗಮನಿಸಿ ತಡೆಯಲು ಆರಂಭಿಸಿ.,pending,
curriculumPlan.days.d10.title,Flash Intelligence Warm-Up,ಫ್ಲ್ಯಾಶ್ ಗುರುತಿನ ವಾರ್ಮ್-ಅಪ್,pending,
curriculumPlan.days.d10.focus,Sharpen instant recognition speed with flash-based drills.,ಫ್ಲ್ಯಾಶ್ ಡ್ರಿಲ್‌ಗಳಿಂದ ತಕ್ಷಣ ಗುರುತಿಸುವ ವೇಗ ಹೆಚ್ಚಿಸಿ.,pending,
curriculumPlan.days.d11.title,Deeper Visual Focus Practice,ಆಳವಾದ ದೃಷ್ಟಿ ಫೋಕಸ್ ಅಭ್ಯಾಸ,pending,
curriculumPlan.days.d11.focus,Extend non-verbal recall span and grid complexity.,ಪದಗಳಿಲ್ಲದೆ ನೆನಪಿಡುವ ಸಾಮರ್ಥ್ಯ ಮತ್ತು ಗ್ರಿಡ್‌ನ ಕಷ್ಟವನ್ನು ಹೆಚ್ಚಿಸಿ.,pending,
curriculumPlan.days.d12.title,Inner Voice Control,ಒಳಗಿನ ಧ್ವನಿಯ ನಿಯಂತ್ರಣ,pending,
curriculumPlan.days.d12.focus,"Push further into silent, voice-free reading.",ಮನಸ್ಸಿನಲ್ಲಿ ಮಾತನಾಡದೆ ಮೌನವಾಗಿ ಓದುವುದರಲ್ಲಿ ಇನ್ನೂ ಮುಂದೆ ಸಾಗಿ.,pending,
curriculumPlan.days.d13.title,Integration Circuit,ಸಂಯೋಜಿತ ಸರ್ಕ್ಯೂಟ್,pending,
curriculumPlan.days.d13.focus,Combine visual-focus and reading gains in one balanced session.,ದೃಷ್ಟಿ ಫೋಕಸ್ ಮತ್ತು ಓದಿನ ಬೆಳವಣಿಗೆಯನ್ನು ಒಂದೇ ಸಮತೋಲನದ ಸೆಷನ್‌ನಲ್ಲಿ ಸೇರಿಸಿ.,pending,
curriculumPlan.days.d14.title,Checkpoint — Visual Focus Review,ಪರೀಕ್ಷೆ — ದೃಷ್ಟಿ ಫೋಕಸ್ ಪರಿಶೀಲನೆ,pending,
curriculumPlan.days.d14.focus,Re-measure WPM and comprehension to confirm real week-two growth.,ಎರಡನೇ ವಾರದ ನಿಜವಾದ ಬೆಳವಣಿಗೆ ದೃಢಪಡಿಸಲು WPM ಮತ್ತು ಅರ್ಥಗ್ರಹಣ ಮತ್ತೆ ಅಳೆಯಿರಿ.,pending,
curriculumPlan.days.d15.title,Multi-Sensory Visualisation Begins,ಬಹು-ಇಂದ್ರಿಯ ಕಲ್ಪನೆಯ ಆರಂಭ,pending,
curriculumPlan.days.d15.focus,"Enter the Sensory Imagery Builder to train vivid, multi-sensory mental imagery.","Sensory Imagery Builder ನಲ್ಲಿ ಸ್ಪಷ್ಟ, ಬಹು-ಇಂದ್ರಿಯ ಮನಸ್ಸಿನ ಚಿತ್ರಗಳ ಅಭ್ಯಾಸ ಮಾಡಿ.",pending,
curriculumPlan.days.d16.title,Energy & Focus Balancing,ಶಕ್ತಿ ಮತ್ತು ಫೋಕಸ್ ಸಮತೋಲನ,pending,
curriculumPlan.days.d16.focus,"Train sustained, stable mental focus with the Calm Breath Balance.","Calm Breath Balance ಮೂಲಕ ದೀರ್ಘ, ಸ್ಥಿರ ಗಮನದ ಅಭ್ಯಾಸ ಮಾಡಿ.",pending,
curriculumPlan.days.d17.title,Mental Mastery Deepens,ಮನಸ್ಸಿನ ಹಿಡಿತ ಆಳವಾಗುತ್ತದೆ,pending,
curriculumPlan.days.d17.focus,Layer visualization work on top of your reading gains.,ಓದಿನ ಬೆಳವಣಿಗೆಯ ಮೇಲೆ ಕಲ್ಪನೆಯ ಅಭ್ಯಾಸ ಸೇರಿಸಿ.,pending,
curriculumPlan.days.d18.title,Full Sensory Immersion,ಪೂರ್ಣ ಇಂದ್ರಿಯ ತಲ್ಲೀನತೆ,pending,
curriculumPlan.days.d18.focus,Return to the Hologram Builder with a more ambitious goal.,ದೊಡ್ಡ ಗುರಿಯೊಂದಿಗೆ Hologram Builder ಗೆ ಹಿಂತಿರುಗಿ.,pending,
curriculumPlan.days.d19.title,Balance Under Pressure,ಒತ್ತಡದಲ್ಲೂ ಸಮತೋಲನ,pending,
curriculumPlan.days.d19.focus,Hold equilibrium against tighter tolerances in the Energy Balancer.,Energy Balancer ನಲ್ಲಿ ಕಟ್ಟುನಿಟ್ಟಾದ ಮಿತಿಯೊಂದಿಗೆ ಸಮತೋಲನ ಕಾಯ್ದುಕೊಳ್ಳಿ.,pending,
curriculumPlan.days.d20.title,Integrated Focus Circuit,ಸಂಯೋಜಿತ ಫೋಕಸ್ ಸರ್ಕ್ಯೂಟ್,pending,
curriculumPlan.days.d20.focus,"Combine visualization, balance, and reading in one advanced session.","ಕಲ್ಪನೆ, ಸಮತೋಲನ ಮತ್ತು ಓದನ್ನು ಒಂದು ಮುಂದುವರಿದ ಸೆಷನ್‌ನಲ್ಲಿ ಸೇರಿಸಿ.",pending,
curriculumPlan.days.d21.title,Checkpoint — Mental Mastery Review,ಪರೀಕ್ಷೆ — ಮನಸ್ಸಿನ ಹಿಡಿತದ ಪರಿಶೀಲನೆ,pending,
curriculumPlan.days.d21.focus,Re-measure WPM and comprehension to confirm real week-three growth.,ಮೂರನೇ ವಾರದ ನಿಜವಾದ ಬೆಳವಣಿಗೆ ದೃಢಪಡಿಸಲು WPM ಮತ್ತು ಅರ್ಥಗ್ರಹಣ ಮತ್ತೆ ಅಳೆಯಿರಿ.,pending,
curriculumPlan.days.d22.title,Peak Mastery — Eye Control,ಶಿಖರ — ಕಣ್ಣಿನ ನಿಯಂತ್ರಣ,pending,
curriculumPlan.days.d22.focus,Revisit eye-foundation training at true peak intensity.,ಕಣ್ಣಿನ ಅಡಿಪಾಯದ ತರಬೇತಿಯನ್ನು ಪೂರ್ಣ ತೀವ್ರತೆಯಲ್ಲಿ ಮತ್ತೆ ಮಾಡಿ.,pending,
curriculumPlan.days.d23.title,Peak Mastery — Stretch & Span,ಶಿಖರ — ಹಿಗ್ಗುವಿಕೆ ಮತ್ತು ವ್ಯಾಪ್ತಿ,pending,
curriculumPlan.days.d23.focus,Push oculomotor stretch and span further than week one.,ಕಣ್ಣಿನ ಹಿಗ್ಗುವಿಕೆ ಮತ್ತು ನೋಟದ ವ್ಯಾಪ್ತಿಯನ್ನು ಮೊದಲ ವಾರಕ್ಕಿಂತ ಹೆಚ್ಚಿಸಿ.,pending,
curriculumPlan.days.d24.title,Peak Mastery — Regression Elimination,ಶಿಖರ — ಹಿಂದೆ ನೋಡುವುದನ್ನು ನಿಲ್ಲಿಸಿ,pending,
curriculumPlan.days.d24.focus,Reduce backward eye movements while reading.,ಓದುವಾಗ ಕಣ್ಣು ಹಿಂದಕ್ಕೆ ಹೋಗುವುದನ್ನು ಕಡಿಮೆ ಮಾಡಿ.,pending,
curriculumPlan.days.d25.title,Peak Mastery — Speed Ceiling,ಶಿಖರ — ವೇಗದ ಮಿತಿ,pending,
curriculumPlan.days.d25.focus,Raise your reading speed ceiling with focused RSVP training.,RSVP ತರಬೇತಿಯಿಂದ ನಿಮ್ಮ ಓದಿನ ಗರಿಷ್ಠ ವೇಗ ಹೆಚ್ಚಿಸಿ.,pending,
curriculumPlan.days.d26.title,Peak Mastery — Phrase Fluency,ಶಿಖರ — ಪದಗುಚ್ಛಗಳಲ್ಲಿ ಸರಾಗ ಓದು,pending,
curriculumPlan.days.d26.focus,"Read in idea-sized phrases, not single words.",ಒಂದೊಂದೇ ಪದದ ಬದಲು ಒಂದು ವಿಚಾರದಷ್ಟು ಪದಗುಚ್ಛಗಳಲ್ಲಿ ಓದಿ.,pending,
curriculumPlan.days.d27.title,Peak Mastery — Multi-Line Flow,ಶಿಖರ — ಹಲವು ಸಾಲುಗಳ ಹರಿವು,pending,
curriculumPlan.days.d27.focus,Extend fluency across multiple lines at once.,ಒಮ್ಮೆಗೇ ಹಲವು ಸಾಲುಗಳಲ್ಲಿ ಸರಾಗ ಓದು ವಿಸ್ತರಿಸಿ.,pending,
curriculumPlan.days.d28.title,Peak Mastery — Sentence Mastery,ಶಿಖರ — ವಾಕ್ಯದ ಪಾಂಡಿತ್ಯ,pending,
curriculumPlan.days.d28.focus,Recognize whole sentences as single ideas.,ಸಂಪೂರ್ಣ ವಾಕ್ಯವನ್ನು ಒಂದೇ ವಿಚಾರವಾಗಿ ಗುರುತಿಸಿ.,pending,
curriculumPlan.days.d29.title,Peak Mastery — Paragraph Mastery,ಶಿಖರ — ಪ್ಯಾರಾಗ್ರಾಫ್ ಪಾಂಡಿತ್ಯ,pending,
curriculumPlan.days.d29.focus,Recognize whole paragraphs as single meaning blocks.,ಸಂಪೂರ್ಣ ಪ್ಯಾರಾಗ್ರಾಫ್ ಅನ್ನು ಒಂದೇ ಅರ್ಥದ ತುಣುಕಾಗಿ ಗುರುತಿಸಿ.,pending,
curriculumPlan.days.d30.title,Final Certification,ಅಂತಿಮ ಪ್ರಮಾಣೀಕರಣ,pending,
curriculumPlan.days.d30.focus,Complete your final WPM and comprehension assessment and claim your Sharp Brain certification.,"ನಿಮ್ಮ ಅಂತಿಮ WPM ಮತ್ತು ಅರ್ಥಗ್ರಹಣ ಮೌಲ್ಯಮಾಪನ ಮುಗಿಸಿ, ನಿಮ್ಮ Sharp Brain ಪ್ರಮಾಣಪತ್ರ ಪಡೆಯಿರಿ.",pending,
curriculumPlan.phases.p1.title,Foundation & Visual Warm-Up,ಅಡಿಪಾಯ ಮತ್ತು ಕಣ್ಣಿನ ವಾರ್ಮ್-ಅಪ್,pending,
curriculumPlan.phases.p1.description,"Establish a true baseline, build core eye control, and wake up the visual reading system.","ನಿಜವಾದ ಆರಂಭಿಕ ಅಳತೆ ಪಡೆಯಿರಿ, ಕಣ್ಣಿನ ಮೂಲ ನಿಯಂತ್ರಣ ಬೆಳೆಸಿ, ನೋಡಿ ಓದುವ ವ್ಯವಸ್ಥೆಯನ್ನು ಎಚ್ಚರಿಸಿ.",pending,
curriculumPlan.phases.p2.title,Visual Focus & Inner Voice Control,ದೃಷ್ಟಿ ಫೋಕಸ್ ಮತ್ತು ಒಳಗಿನ ಧ್ವನಿಯ ನಿಯಂತ್ರಣ,pending,
curriculumPlan.phases.p2.description,"Deepen visual, non-verbal recall and break the habit of silently voicing every word.","ಪದಗಳಿಲ್ಲದೆ ನೋಡಿ ನೆನಪಿಡುವುದನ್ನು ಆಳಗೊಳಿಸಿ, ಪ್ರತಿಯೊಂದು ಪದವನ್ನು ಮನಸ್ಸಿನಲ್ಲಿ ಹೇಳುವ ಅಭ್ಯಾಸ ಮುರಿಯಿರಿ.",pending,
curriculumPlan.phases.p3.title,Multi-Sensory Visualisation & Mental Mastery,ಬಹು-ಇಂದ್ರಿಯ ಕಲ್ಪನೆ ಮತ್ತು ಮನಸ್ಸಿನ ಹಿಡಿತ,pending,
curriculumPlan.phases.p3.description,Train vivid multi-sensory visualization and sustained focus.,ಸ್ಪಷ್ಟ ಬಹು-ಇಂದ್ರಿಯ ಕಲ್ಪನೆ ಮತ್ತು ದೀರ್ಘ ಗಮನದ ಅಭ್ಯಾಸ ಮಾಡಿ.,pending,
curriculumPlan.phases.p4.title,Peak Smart Reading Mastery & Final Certification,Smart Reading ಶಿಖರ ಮತ್ತು ಅಂತಿಮ ಪ್ರಮಾಣೀಕರಣ,pending,
curriculumPlan.phases.p4.description,Push every skill to its ceiling and complete the final mastery certification.,ಪ್ರತಿಯೊಂದು ಕೌಶಲ್ಯವನ್ನು ಅದರ ಮಿತಿಯವರೆಗೆ ಕೊಂಡೊಯ್ದು ಅಂತಿಮ ಪ್ರಮಾಣೀಕರಣ ಮುಗಿಸಿ.,pending,
dashboard.greeting.morning,Good morning,ಶುಭೋದಯ,pending,
dashboard.greeting.afternoon,Good afternoon,ಶುಭ ಮಧ್ಯಾಹ್ನ,pending,
dashboard.greeting.evening,Good evening,ಶುಭ ಸಂಜೆ,pending,
dashboard.greeting.welcomeBack,Welcome back,ಮತ್ತೆ ಸ್ವಾಗತ,pending,
dashboard.greeting.line,"{greeting}, {name}","{greeting}, {name}",pending,
dashboard.greeting.fallbackName,there,ಸ್ನೇಹಿತರೇ,pending,
dashboard.eyeFoundation.complete,Eye Foundation Module complete — keep the momentum going.,Eye Foundation ಮಾಡ್ಯೂಲ್ ಪೂರ್ಣ — ಇದೇ ವೇಗ ಮುಂದುವರಿಸಿ.,pending,
dashboard.eyeFoundation.progress,{percent}% through the Eye Foundation Module.,Eye Foundation ಮಾಡ್ಯೂಲ್‌ನ {percent}% ಪೂರ್ಣ.,pending,
dashboard.documentStudio.eyebrow,Tier 1 · Utility Hub,ಹಂತ 1 · ಉಪಯುಕ್ತ ಕೇಂದ್ರ,pending,
dashboard.documentStudio.description,"Drop any PDF, textbook or research paper. Our AI turns it into Smart Reading drills, Mind Maps and Neural Map Notes.","ಯಾವುದೇ PDF, ಪಠ್ಯಪುಸ್ತಕ ಅಥವಾ ಸಂಶೋಧನಾ ಲೇಖನ ಹಾಕಿ. ನಮ್ಮ AI ಅದನ್ನು Smart Reading ಡ್ರಿಲ್, Mind Maps ಮತ್ತು Neural Map Notes ಆಗಿ ಮಾಡುತ್ತದೆ.",pending,
dashboard.flagship.eyebrow,Tier 3 · Flagship Program,ಹಂತ 3 · ಮುಖ್ಯ ಕಾರ್ಯಕ್ರಮ,pending,
dashboard.flagship.description,A structured 30-day path with live classes.,ಲೈವ್ ತರಗತಿಗಳೊಂದಿಗೆ 30 ದಿನಗಳ ಕ್ರಮಬದ್ಧ ದಾರಿ.,pending,
dashboard.mindScore.breakdown,Mind Score breakdown,Mind Score ವಿವರ,pending,
dashboard.mindScore.reading,Reading,ಓದು,pending,
dashboard.mindScore.memory,Memory,ನೆನಪು,pending,
dashboard.mindScore.focus,Focus,ಫೋಕಸ್,pending,
dashboard.streak.one,Current streak: {count} day,ಸತತ ದಿನಗಳು: {count} ದಿನ,pending,
dashboard.streak.many,Current streak: {count} days,ಸತತ ದಿನಗಳು: {count} ದಿನಗಳು,pending,
dashboard.curriculumCard.progress,Your curriculum progress,ನಿಮ್ಮ ಕೋರ್ಸ್ ಪ್ರಗತಿ,pending,
dashboard.curriculumCard.dayTheme,Day {day} — {title},ದಿನ {day} — {title},pending,
dashboard.curriculumCard.readyDay1,Ready to begin Day 1,ದಿನ 1 ಆರಂಭಿಸಲು ಸಿದ್ಧ,pending,
dashboard.curriculumCard.percentComplete,{percent}% of the 30 days complete,30 ದಿನಗಳಲ್ಲಿ {percent}% ಪೂರ್ಣ,pending,
dashboard.curriculumCard.openCurriculum,Open curriculum,ಕೋರ್ಸ್ ತೆರೆಯಿರಿ,pending,
dashboard.curriculumCard.continueDay,Continue Day {day},ದಿನ {day} ಮುಂದುವರಿಸಿ,pending,
dashboard.curriculumCard.startDay1,Start Day 1,ದಿನ 1 ಆರಂಭಿಸಿ,pending,
dashboard.viewToggle.student,Student view,ವಿದ್ಯಾರ್ಥಿ ನೋಟ,pending,
dashboard.viewToggle.parent,Parent analytics,ಪೋಷಕರ ವಿಶ್ಲೇಷಣೆ,pending,
dashboard.habit.journeyDay,Day {day} of your {program}.,ನಿಮ್ಮ {program} ನ ದಿನ {day}.,pending,
dashboard.habit.programOutcome,"Read faster with understanding, focus longer, remember more — measured from your own Day 1 to Day 30.","ಅರ್ಥದೊಂದಿಗೆ ವೇಗವಾಗಿ ಓದಿ, ಹೆಚ್ಚು ಹೊತ್ತು ಫೋಕಸ್ ಮಾಡಿ, ಹೆಚ್ಚು ನೆನಪಿಡಿ — ನಿಮ್ಮದೇ ದಿನ 1 ರಿಂದ ದಿನ 30 ರವರೆಗೆ ಅಳೆಯಲಾಗುತ್ತದೆ.",pending,
dashboard.habit.programFormat,Online · 7 live classes + 30 days of app practice.,ಆನ್‌ಲೈನ್ · 7 ಲೈವ್ ತರಗತಿಗಳು + 30 ದಿನ ಆ್ಯಪ್ ಅಭ್ಯಾಸ.,pending,
dashboard.journeyCard.skills,Reading · Quick Choice · Visual Focus · Visualisation,ಓದು · ತ್ವರಿತ ಆಯ್ಕೆ · ದೃಷ್ಟಿ ಫೋಕಸ್ · ಕಲ್ಪನೆ,pending,
dashboard.journeyCard.continue,Continue →,ಮುಂದುವರಿಸಿ →,pending,
dashboard.journeyCard.begin,Begin →,ಆರಂಭಿಸಿ →,pending,
dashboard.journeyCard.dayCompleted,"Day {day}, completed","ದಿನ {day}, ಪೂರ್ಣ",pending,
dashboard.journeyCard.dayUnlocked,"Day {day}, unlocked","ದಿನ {day}, ತೆರೆದಿದೆ",pending,
dashboard.journeyCard.dayLocked,"Day {day}, locked, part of the {program}","ದಿನ {day}, ಲಾಕ್ ಆಗಿದೆ, {program} ನ ಭಾಗ",pending,
docWidget.badge,Document Mastery Studio,Document Mastery Studio,pending,
docWidget.includedWith,Included with the {program},{program} ನಲ್ಲಿ ಸೇರಿದೆ,pending,
docWidget.unlockTitle,Unlock Document Mastery Studio,Document Mastery Studio ತೆರೆಯಿರಿ,pending,
docWidget.unlockDesc,"Included with the {program} — turn any PDF, textbook or article into speed-reading drills, mind maps and smart summaries.","{program} ನಲ್ಲಿ ಸೇರಿದೆ — ಯಾವುದೇ PDF, ಪಠ್ಯಪುಸ್ತಕ ಅಥವಾ ಲೇಖನವನ್ನು ವೇಗದ ಓದು ಡ್ರಿಲ್, ಮೈಂಡ್ ಮ್ಯಾಪ್ ಮತ್ತು ಸ್ಮಾರ್ಟ್ ಸಾರಾಂಶಗಳಾಗಿ ಮಾಡಿ.",pending,
docWidget.steps.readingDocument,Reading document content…,ಡಾಕ್ಯುಮೆಂಟ್ ಓದಲಾಗುತ್ತಿದೆ…,pending,
docWidget.steps.buildingNotes,Building Neural Map Notes & AI Summary…,Neural Map Notes ಮತ್ತು AI ಸಾರಾಂಶ ತಯಾರಾಗುತ್ತಿದೆ…,pending,
docWidget.steps.preparingSession,Preparing your session…,ನಿಮ್ಮ ಸೆಷನ್ ಸಿದ್ಧವಾಗುತ್ತಿದೆ…,pending,
docWidget.steps.fetchingArticle,Fetching article content…,ಲೇಖನ ತರಲಾಗುತ್ತಿದೆ…,pending,
docWidget.steps.fetchingTranscript,Fetching transcript…,ಟ್ರಾನ್ಸ್‌ಕ್ರಿಪ್ಟ್ ತರಲಾಗುತ್ತಿದೆ…,pending,
docWidget.steps.generatingMaps,Generating mind maps…,ಮೈಂಡ್ ಮ್ಯಾಪ್‌ಗಳು ತಯಾರಾಗುತ್ತಿವೆ…,pending,
docWidget.previewOf,Preview of {name},{name} ನ ಮುನ್ನೋಟ,pending,
docWidget.replaceFile,Replace {name},{name} ಬದಲಿಸಿ,pending,
docWidget.removeFile,Remove {name},{name} ತೆಗೆದುಹಾಕಿ,pending,
docWidget.generateIn,Generate in,ಈ ಭಾಷೆಯಲ್ಲಿ ತಯಾರಿಸಿ,pending,
docWidget.generateInLabel,Language for generated study material,ತಯಾರಾಗುವ ಅಧ್ಯಯನ ವಿಷಯದ ಭಾಷೆ,pending,
docWidget.inputMethod,Choose input method,ವಿಧಾನ ಆರಿಸಿ,pending,
docWidget.uploadFile,Upload file,ಫೈಲ್ ಅಪ್‌ಲೋಡ್ ಮಾಡಿ,pending,
docWidget.pasteUrl,Paste URL / YouTube,URL / YouTube ಅಂಟಿಸಿ,pending,
docWidget.urlPlaceholder,"Paste a YouTube video, article or web link…","YouTube ವೀಡಿಯೊ, ಲೇಖನ ಅಥವಾ ವೆಬ್ ಲಿಂಕ್ ಅಂಟಿಸಿ…",pending,
docWidget.urlLabel,"YouTube video, article or web link","YouTube ವೀಡಿಯೊ, ಲೇಖನ ಅಥವಾ ವೆಬ್ ಲಿಂಕ್",pending,
docWidget.transformUrl,Transform URL,URL ಪರಿವರ್ತಿಸಿ,pending,
docWidget.somethingWrong,Something went wrong. Please try again.,ಏನೋ ತಪ್ಪಾಗಿದೆ. ದಯವಿಟ್ಟು ಮತ್ತೆ ಪ್ರಯತ್ನಿಸಿ.,pending,
docWidget.youtubeVideo,YouTube video,YouTube ವೀಡಿಯೊ,pending,
docWidget.webArticle,Web article,ವೆಬ್ ಲೇಖನ,pending,
docWidget.uploadDocument,Upload a document,ಡಾಕ್ಯುಮೆಂಟ್ ಅಪ್‌ಲೋಡ್ ಮಾಡಿ,pending,
docWidget.uploadHint,PDF · Word · Text · Image — tap or drop,PDF · Word · ಪಠ್ಯ · ಚಿತ್ರ — ಟ್ಯಾಪ್ ಮಾಡಿ ಅಥವಾ ಹಾಕಿ,pending,
docWidget.recentDocument,Recent document,ಇತ್ತೀಚಿನ ಡಾಕ್ಯುಮೆಂಟ್,pending,
docWidget.fileTooLarge,This file is too large for instant processing. Please choose a file up to {size}.,ಈ ಫೈಲ್ ತಕ್ಷಣ ಪ್ರಕ್ರಿಯೆಗೆ ತುಂಬಾ ದೊಡ್ಡದು. ದಯವಿಟ್ಟು {size} ವರೆಗಿನ ಫೈಲ್ ಆರಿಸಿ.,pending,
docWidget.transformFile,Transform into study material,ಅಧ್ಯಯನ ವಿಷಯವಾಗಿ ಪರಿವರ್ತಿಸಿ,pending,
docWidget.dropTitle,"Drop PDFs, Word files, text files or images/notes here","PDF, Word ಫೈಲ್, ಪಠ್ಯ ಫೈಲ್ ಅಥವಾ ಚಿತ್ರ/ಟಿಪ್ಪಣಿಗಳನ್ನು ಇಲ್ಲಿ ಹಾಕಿ",pending,
docWidget.dropSubtitle,or click to browse,ಅಥವಾ ಆರಿಸಲು ಕ್ಲಿಕ್ ಮಾಡಿ,pending,
docWidget.dropHelper,PDF · Word (.docx) · Text · PNG/JPEG,PDF · Word (.docx) · ಪಠ್ಯ · PNG/JPEG,pending,
docWidget.cancelUpload,Cancel upload,ಅಪ್‌ಲೋಡ್ ರದ್ದುಮಾಡಿ,pending,
docWidget.preparingProject,Preparing your Learning Project…,ನಿಮ್ಮ Learning Project ಸಿದ್ಧವಾಗುತ್ತಿದೆ…,pending,
docWidget.uploading,Uploading… {percent}%,ಅಪ್‌ಲೋಡ್ ಆಗುತ್ತಿದೆ… {percent}%,pending,
docWidget.dropDefaultTitle,Bring your knowledge here,ನಿಮ್ಮ ಜ್ಞಾನವನ್ನು ಇಲ್ಲಿಗೆ ತನ್ನಿ,pending,
docWidget.historyTitle,Document History™,Document History™,pending,
docWidget.historyDesc,"Reopen a past upload — no new AI call, no extra cost.","ಹಳೆಯ ಅಪ್‌ಲೋಡ್ ಮತ್ತೆ ತೆರೆಯಿರಿ — ಹೊಸ AI ಕರೆ ಇಲ್ಲ, ಹೆಚ್ಚುವರಿ ಖರ್ಚಿಲ್ಲ.",pending,
docWidget.historyEmpty,No documents yet — transform your first one to see it here.,"ಇನ್ನೂ ಡಾಕ್ಯುಮೆಂಟ್ ಇಲ್ಲ — ಮೊದಲದನ್ನು ಪರಿವರ್ತಿಸಿ, ಇಲ್ಲಿ ಕಾಣುತ್ತದೆ.",pending,
enrol.enrolNow,Enrol now · {price},ಈಗ ಸೇರಿ · {price},pending,
enrol.earlyBirdFor,Early-bird for the {date} batch,{date} ಬ್ಯಾಚ್‌ಗೆ ಅರ್ಲಿ-ಬರ್ಡ್ ಬೆಲೆ,pending,
enrol.endsIn,ends in,ಮುಗಿಯಲು ಉಳಿದ ಸಮಯ,pending,
enrol.endsOn,Ends {deadline},{deadline} ರವರೆಗೆ,pending,
enrol.regularLine,Next batch starts {date},ಮುಂದಿನ ಬ್ಯಾಚ್ {date} ರಿಂದ ಆರಂಭ,pending,
enrol.oneTime,One-time payment,ಒಂದೇ ಬಾರಿ ಪಾವತಿ,pending,
enrol.perDay,≈ {price} a day for 30 days,30 ದಿನಗಳಿಗೆ ದಿನಕ್ಕೆ ಸುಮಾರು {price},pending,
enrol.chooseBatch,Choose your batch,ನಿಮ್ಮ ಬ್ಯಾಚ್ ಆಯ್ಕೆಮಾಡಿ,pending,
enrol.batchOption,Starts {date},{date} ರಿಂದ ಆರಂಭ,pending,
enrol.earlyBirdTag,Early-bird,ಅರ್ಲಿ-ಬರ್ಡ್,pending,
enrol.offerTag,Your test offer,ನಿಮ್ಮ ಟೆಸ್ಟ್ ಆಫರ್,pending,
enrol.seatsLeft,{n} seats per batch,ಪ್ರತಿ ಬ್ಯಾಚ್‌ನಲ್ಲಿ {n} ಸೀಟುಗಳು,pending,
enrol.redirecting,Opening secure checkout…,ಸುರಕ್ಷಿತ ಪಾವತಿ ಪುಟ ತೆರೆಯುತ್ತಿದೆ…,pending,
enrol.emailLabel,Your email,ನಿಮ್ಮ ಇಮೇಲ್,pending,
enrol.emailHint,Use the email you will sign in to the app with — your access is linked to it.,ಆ್ಯಪ್‌ಗೆ ಸೈನ್ ಇನ್ ಮಾಡುವ ಇಮೇಲ್ ಅನ್ನೇ ನೀಡಿ — ನಿಮ್ಮ ಪ್ರವೇಶ ಅದಕ್ಕೇ ಜೋಡಿಸಲಾಗುತ್ತದೆ.,pending,
enrol.nameLabel,Name (optional),ಹೆಸರು (ಐಚ್ಛಿಕ),pending,
enrol.secure,Secure checkout via Razorpay,Razorpay ಮೂಲಕ ಸುರಕ್ಷಿತ ಪಾವತಿ,pending,
enrol.errors.invalid_email,Please enter a valid email address.,ದಯವಿಟ್ಟು ಸರಿಯಾದ ಇಮೇಲ್ ವಿಳಾಸ ನೀಡಿ.,pending,
enrol.errors.batch_closed,That batch has just closed for enrolment. Please choose the next one.,ಆ ಬ್ಯಾಚ್‌ನ ನೋಂದಣಿ ಈಗಷ್ಟೇ ಮುಚ್ಚಿದೆ. ದಯವಿಟ್ಟು ಮುಂದಿನ ಬ್ಯಾಚ್ ಆಯ್ಕೆಮಾಡಿ.,pending,
enrol.errors.unavailable,Online checkout is not available for this price right now. Please message us on WhatsApp and we will send your payment link.,"ಈ ಬೆಲೆಗೆ ಈಗ ಆನ್‌ಲೈನ್ ಪಾವತಿ ಲಭ್ಯವಿಲ್ಲ. ದಯವಿಟ್ಟು WhatsApp ನಲ್ಲಿ ಸಂದೇಶ ಕಳುಹಿಸಿ, ನಾವು ಪಾವತಿ ಲಿಂಕ್ ಕಳುಹಿಸುತ್ತೇವೆ.",pending,
enrol.errors.rate_limited,Too many attempts. Please wait a minute and try again.,ತುಂಬಾ ಪ್ರಯತ್ನಗಳು. ಒಂದು ನಿಮಿಷ ಕಾದು ಮತ್ತೆ ಪ್ರಯತ್ನಿಸಿ.,pending,
enrol.whatsappEnrol,"Hi, I want to enrol in the Sharp Brain 30-Day Program (batch starting {date}, {price}). Please send me the payment link.","ನಮಸ್ಕಾರ, ನಾನು Sharp Brain 30-ದಿನಗಳ ಪ್ರೋಗ್ರಾಂಗೆ ಸೇರಲು ಬಯಸುತ್ತೇನೆ ({date} ರಿಂದ ಆರಂಭವಾಗುವ ಬ್ಯಾಚ್, {price}). ದಯವಿಟ್ಟು ಪಾವತಿ ಲಿಂಕ್ ಕಳುಹಿಸಿ.",pending,
enrol.chatOnWhatsapp,Chat on WhatsApp,WhatsApp ನಲ್ಲಿ ಮಾತನಾಡಿ,pending,
enrol.units.d,d,ದಿ,pending,
enrol.units.h,h,ಗಂ,pending,
enrol.units.m,m,ನಿ,pending,
enrol.units.s,s,ಸೆ,pending,
exercises.exit,Exit,ನಿರ್ಗಮಿಸಿ,pending,
exercises.exitExercise,Exit exercise,ವ್ಯಾಯಾಮದಿಂದ ನಿರ್ಗಮಿಸಿ,pending,
exercises.whyItWorks,Why this drill works,ಈ ಡ್ರಿಲ್ ಏಕೆ ಕೆಲಸ ಮಾಡುತ್ತದೆ,pending,
exercises.locked.title,{title} is locked,{title} ಲಾಕ್ ಆಗಿದೆ,pending,
exercises.locked.body,These exercises build on each other in order. Finish the ones before this one first.,ಈ ವ್ಯಾಯಾಮಗಳು ಒಂದರ ನಂತರ ಒಂದು ಕ್ರಮವಾಗಿ ಬೆಳೆಯುತ್ತವೆ. ಮೊದಲು ಇದರ ಹಿಂದಿನವನ್ನು ಮುಗಿಸಿ.,pending,
exercises.locked.goTo,Go to {name},{name} ಗೆ ಹೋಗಿ,pending,
exercises.locked.backToLab,Back to Lab,Lab ಗೆ ಹಿಂತಿರುಗಿ,pending,
exercises.rsvp.mode,RSVP Mode™,RSVP Mode™,pending,
exercises.rsvp.speed,Speed: {wpm} WPM,ವೇಗ: {wpm} WPM,pending,
exercises.questions.correct,Correct!,ಸರಿ!,pending,
exercises.questions.notQuite,Not quite — it was “{answer}”.,ಸ್ವಲ್ಪದರಲ್ಲಿ ತಪ್ಪಿತು — ಸರಿಯಾದ ಉತ್ತರ “{answer}”.,pending,
exercises.stats.round,Round,ಸುತ್ತು,pending,
exercises.stats.score,Score,ಸ್ಕೋರ್,pending,
exercises.stats.streak,Streak,ಸತತ ಸರಿ,pending,
exercises.stats.accuracy,Accuracy,ನಿಖರತೆ,pending,
exercises.stats.time,Time,ಸಮಯ,pending,
exercises.stats.energy,Energy,ಶಕ್ತಿ,pending,
exercises.stats.stability,Stability,ಸ್ಥಿರತೆ,pending,
exercises.stats.hitRate,Hit rate,ಸರಿಯಾದ ಗುರಿಗಳು,pending,
exercises.stats.bestScore,Best score,ಅತ್ಯುತ್ತಮ ಸ್ಕೋರ್,pending,
exercises.stats.elapsed,{time} elapsed,{time} ಕಳೆದಿದೆ,pending,
exercises.stats.streakMultiplier,Streak multiplier ×{n},ಸತತ ಸರಿಯ ಗುಣಕ ×{n},pending,
exercises.stats.bestStreak,Best streak,ಅತಿ ಉದ್ದದ ಸತತ ಸರಿ,pending,
exercises.stats.bestAccuracyAllTime,Best accuracy (all-time),ಈವರೆಗಿನ ಅತ್ಯುತ್ತಮ ನಿಖರತೆ,pending,
exercises.stats.bestStreakAllTime,Best streak (all-time),ಈವರೆಗಿನ ಅತಿ ಉದ್ದದ ಸರಣಿ,pending,
exercises.stats.roundsPlayed,Rounds played,ಆಡಿದ ಸುತ್ತುಗಳು,pending,
exercises.stats.bestScoreAllTime,Best score (all-time),ಈವರೆಗಿನ ಅತ್ಯುತ್ತಮ ಸ್ಕೋರ್,pending,
exercises.stats.level,Level,ಹಂತ,pending,
exercises.stats.lives,Lives,ಅವಕಾಶಗಳು,pending,
exercises.stats.points,Points,ಅಂಕಗಳು,pending,
exercises.stats.totalPoints,Total points,ಒಟ್ಟು ಅಂಕಗಳು,pending,
exercises.stats.speed,Speed,ವೇಗ,pending,
exercises.stats.wpm,WPM,WPM,pending,
exercises.stats.comprehension,Comprehension,ಅರ್ಥಗ್ರಹಣ,pending,
exercises.stats.readingPace,Reading pace,ಓದಿನ ವೇಗ,pending,
exercises.stats.targetWpm,Target WPM,ಗುರಿ WPM,pending,
exercises.stats.warmingUp,Warming up…,ಸಿದ್ಧವಾಗುತ್ತಿದೆ…,pending,
exercises.stats.wpmValue,{wpm} wpm,{wpm} wpm,pending,
exercises.complete.sprintComplete,Sprint complete.,ಸುತ್ತು ಮುಗಿಯಿತು.,pending,
exercises.complete.playAgain,Play again,ಮತ್ತೆ ಆಡಿ,pending,
exercises.complete.backToLab,Back to Lab,Lab ಗೆ ಹಿಂತಿರುಗಿ,pending,
exercises.complete.continue,Continue,ಮುಂದುವರಿಸಿ,pending,
exercises.complete.continueSession,Continue session →,ಸೆಷನ್ ಮುಂದುವರಿಸಿ →,pending,
exercises.complete.sessionComplete,Session complete,ಸೆಷನ್ ಮುಗಿಯಿತು,pending,
exercises.start,Start,ಆರಂಭಿಸಿ,pending,
exercises.colorSync.desc,A colour name flashes in a different ink colour. Tap the colour that matches the WORD or the INK — the round tells you which.,ಒಂದು ಬಣ್ಣದ ಹೆಸರು ಬೇರೆ ಬಣ್ಣದ ಶಾಯಿಯಲ್ಲಿ ಮಿಂಚುತ್ತದೆ. ಪದಕ್ಕೆ ಅಥವಾ ಶಾಯಿಗೆ ಹೊಂದುವ ಬಣ್ಣವನ್ನು ಟ್ಯಾಪ್ ಮಾಡಿ — ಯಾವುದನ್ನು ಆರಿಸಬೇಕು ಎಂದು ಪ್ರತಿ ಸುತ್ತು ಹೇಳುತ್ತದೆ.,pending,
exercises.colorSync.why,"This trains the classic Stroop conflict — your brain learns to stop reading the word on autopilot and follow the instruction instead. You get just {seconds}s per round, a streak multiplier, and a bonus for fast correct answers. {rounds} rounds per sprint — half ask for the word, half for the ink.","ಇದು Stroop ಗೊಂದಲದ ಅಭ್ಯಾಸ — ಪದವನ್ನು ತಾನಾಗಿಯೇ ಓದುವ ಬದಲು ಸೂಚನೆ ಪಾಲಿಸಲು ನಿಮ್ಮ ಮೆದುಳು ಕಲಿಯುತ್ತದೆ. ಪ್ರತಿ ಸುತ್ತಿಗೆ ಕೇವಲ {seconds} ಸೆಕೆಂಡ್, ಸತತ ಸರಿಗೆ ಗುಣಕ, ಮತ್ತು ವೇಗದ ಸರಿಯುತ್ತರಕ್ಕೆ ಬೋನಸ್. ಪ್ರತಿ ಬಾರಿ {rounds} ಸುತ್ತುಗಳು — ಅರ್ಧ ಪದಕ್ಕೆ, ಅರ್ಧ ಶಾಯಿಗೆ.",pending,
exercises.colorSync.matchWord,Match the WORD it spells,ಪದ ಹೇಳುವ ಬಣ್ಣ ಆರಿಸಿ,pending,
exercises.colorSync.matchInk,Match the INK colour,ಶಾಯಿಯ ಬಣ್ಣ ಆರಿಸಿ,pending,
exercises.colorSync.stimulusLabel,the word {word} painted in {ink} ink,"{word} ಪದ, {ink} ಬಣ್ಣದ ಶಾಯಿಯಲ್ಲಿ",pending,
exercises.colorSync.correctPoints,Correct! +{points} points,ಸರಿ! +{points} ಅಂಕ,pending,
exercises.colorSync.correctPointsFast,Correct! +{points} points (fast bonus!),ಸರಿ! +{points} ಅಂಕ (ವೇಗದ ಬೋನಸ್!),pending,
exercises.colorSync.notQuite,Not quite — it was {answer}.,ಸ್ವಲ್ಪದರಲ್ಲಿ ತಪ್ಪಿತು — ಸರಿಯಾದದ್ದು {answer}.,pending,
exercises.colorSync.answer,Answer: {answer},ಉತ್ತರ: {answer},pending,
exercises.colorSync.complete,Sync complete,ಸುತ್ತು ಮುಗಿಯಿತು,pending,
exercises.colorSync.nice,Nice colour-word control.,ಬಣ್ಣ ಮತ್ತು ಪದದ ಮೇಲೆ ಚೆನ್ನಾದ ಹಿಡಿತ.,pending,
exercises.colorSync.flawless,Flawless sync! +{bonus} bonus included.,ಪರಿಪೂರ್ಣ! +{bonus} ಬೋನಸ್ ಸೇರಿದೆ.,pending,
exercises.colorSync.syncAccuracy,Sync accuracy,ನಿಖರತೆ,pending,
exercises.colorSync.correctMatches,Correct matches,ಸರಿಯಾದ ಹೊಂದಾಣಿಕೆಗಳು,pending,
exercises.colorSync.totalPoints,Total points,ಒಟ್ಟು ಅಂಕಗಳು,pending,
exercises.colorSync.bestStreak,Best streak,ಅತಿ ಉದ್ದದ ಸತತ ಸರಿ,pending,
exercises.colorSync.fastestReaction,Fastest reaction,ಅತಿ ವೇಗದ ಪ್ರತಿಕ್ರಿಯೆ,pending,
exercises.colorSync.bestAccuracyAllTime,Best accuracy (all-time),ಈವರೆಗಿನ ಅತ್ಯುತ್ತಮ ನಿಖರತೆ,pending,
exercises.colorSync.bestStreakAllTime,Best streak (all-time),ಈವರೆಗಿನ ಅತಿ ಉದ್ದದ ಸರಣಿ,pending,
exercises.runner.previous,Previous,ಹಿಂದಿನದು,pending,
exercises.runner.exitToLab,Exit to Lab,Lab ಗೆ ಹೋಗಿ,pending,
exercises.runner.continueTo,Continue: {name},ಮುಂದೆ: {name},pending,
exercises.runner.backToDashboard,Back to Dashboard,ಡ್ಯಾಶ್‌ಬೋರ್ಡ್‌ಗೆ ಹಿಂತಿರುಗಿ,pending,
exercises.defs.eye-stretch.description,Let's gently extend how far your eyes can comfortably move — a wider range means fewer stops and starts as you read.,ನಿಮ್ಮ ಕಣ್ಣುಗಳು ಆರಾಮವಾಗಿ ಎಷ್ಟು ದೂರ ಚಲಿಸಬಲ್ಲವು ಎಂಬುದನ್ನು ನಿಧಾನವಾಗಿ ಹೆಚ್ಚಿಸೋಣ — ಹೆಚ್ಚು ವ್ಯಾಪ್ತಿ ಎಂದರೆ ಓದುವಾಗ ಕಡಿಮೆ ನಿಲುಗಡೆ.,pending,
exercises.defs.eye-stretch.duration,About 45 seconds,ಸುಮಾರು 45 ಸೆಕೆಂಡ್,pending,
exercises.defs.eye-stretch.posture,"Sit comfortably. Keep your head still — glance gently, then return to center.","ಆರಾಮವಾಗಿ ಕುಳಿತುಕೊಳ್ಳಿ. ತಲೆ ಸ್ಥಿರವಾಗಿಡಿ — ನಿಧಾನವಾಗಿ ನೋಡಿ, ನಂತರ ಮಧ್ಯಕ್ಕೆ ಮರಳಿ.",pending,
exercises.defs.eye-stretch.doneTitle,You're stretched and ready.,"ಕಣ್ಣುಗಳು ಸಡಿಲವಾಗಿವೆ, ನೀವು ಸಿದ್ಧ.",pending,
exercises.defs.eye-stretch.doneLine,Gently done — your eyes have a little more room now.,ನಿಧಾನವಾಗಿ ಮುಗಿಯಿತು — ಈಗ ನಿಮ್ಮ ಕಣ್ಣುಗಳಿಗೆ ಸ್ವಲ್ಪ ಹೆಚ್ಚು ಜಾಗ ಸಿಕ್ಕಿದೆ.,pending,
exercises.defs.regression-control.description,"Let's practice moving steadily forward, without looking back.","ಹಿಂದೆ ನೋಡದೆ, ಸ್ಥಿರವಾಗಿ ಮುಂದೆ ಸಾಗುವ ಅಭ್ಯಾಸ ಮಾಡೋಣ.",pending,
exercises.defs.regression-control.duration,About 35 seconds,ಸುಮಾರು 35 ಸೆಕೆಂಡ್,pending,
exercises.defs.regression-control.posture,Sit comfortably. Follow the lead point forward — there's no need to check back.,ಆರಾಮವಾಗಿ ಕುಳಿತುಕೊಳ್ಳಿ. ಮುಂದೆ ಸಾಗುವ ಬಿಂದುವನ್ನು ಅನುಸರಿಸಿ — ಹಿಂದೆ ನೋಡುವ ಅಗತ್ಯವಿಲ್ಲ.,pending,
exercises.defs.regression-control.doneTitle,You kept moving forward.,ನೀವು ಮುಂದೆಯೇ ಸಾಗಿದಿರಿ.,pending,
exercises.defs.regression-control.doneLine,No backtracking needed — that forward ease is exactly what we're building.,ಹಿಂದೆ ಹೋಗುವ ಅಗತ್ಯ ಬರಲಿಲ್ಲ — ಇದೇ ಸರಾಗ ಮುನ್ನಡೆಯನ್ನು ನಾವು ಬೆಳೆಸುತ್ತಿದ್ದೇವೆ.,pending,
exercises.defs.reading-speed.description,"Let's build a smooth, comfortable reading rhythm.","ಸರಾಗ, ಆರಾಮದ ಓದಿನ ಲಯವನ್ನು ಬೆಳೆಸೋಣ.",pending,
exercises.defs.reading-speed.duration,About 35 seconds,ಸುಮಾರು 35 ಸೆಕೆಂಡ್,pending,
exercises.defs.reading-speed.posture,Sit comfortably. Read each line naturally as it's highlighted — no need to rush.,ಆರಾಮವಾಗಿ ಕುಳಿತುಕೊಳ್ಳಿ. ಪ್ರತಿ ಸಾಲು ಹೊಳೆಯುವಾಗ ಸಹಜವಾಗಿ ಓದಿ — ಆತುರ ಬೇಡ.,pending,
exercises.defs.reading-speed.doneTitle,That's a comfortable reading rhythm.,ಇದು ಆರಾಮದ ಓದಿನ ಲಯ.,pending,
exercises.defs.reading-speed.doneLine,Smooth and steady — that's exactly the foundation we're building on.,ಸರಾಗ ಮತ್ತು ಸ್ಥಿರ — ಇದೇ ಅಡಿಪಾಯದ ಮೇಲೆ ನಾವು ಮುಂದುವರಿಯುತ್ತೇವೆ.,pending,
exercises.defs.fixation-reduction.description,Let's train your eyes to cover the same line in fewer stops.,ಅದೇ ಸಾಲನ್ನು ಕಡಿಮೆ ನಿಲುಗಡೆಗಳಲ್ಲಿ ಓದಲು ಕಣ್ಣುಗಳಿಗೆ ಕಲಿಸೋಣ.,pending,
exercises.defs.fixation-reduction.duration,About 40 seconds,ಸುಮಾರು 40 ಸೆಕೆಂಡ್,pending,
exercises.defs.fixation-reduction.posture,"Sit comfortably. Follow the highlighted point — let your eyes jump, not drift.","ಆರಾಮವಾಗಿ ಕುಳಿತುಕೊಳ್ಳಿ. ಹೊಳೆಯುವ ಬಿಂದುವನ್ನು ಅನುಸರಿಸಿ — ಕಣ್ಣುಗಳು ಜಿಗಿಯಲಿ, ಅಲೆಯದಿರಲಿ.",pending,
exercises.defs.fixation-reduction.doneTitle,You're covering more ground per glance.,ಈಗ ಒಂದು ನೋಟದಲ್ಲಿ ಹೆಚ್ಚು ಓದುತ್ತಿದ್ದೀರಿ.,pending,
exercises.defs.fixation-reduction.doneLine,"Fewer stops, same line — that ease will carry into your reading.","ಕಡಿಮೆ ನಿಲುಗಡೆ, ಅದೇ ಸಾಲು — ಈ ಸುಲಭತೆ ನಿಮ್ಮ ಓದಿಗೂ ಬರುತ್ತದೆ.",pending,
exercises.defs.eye-span.description,"Let's see how much your eyes can take in at once, without moving them.",ಕಣ್ಣು ಚಲಿಸದೆ ಒಮ್ಮೆಗೆ ಎಷ್ಟು ನೋಡಬಲ್ಲಿರಿ ಎಂದು ನೋಡೋಣ.,pending,
exercises.defs.eye-span.duration,About 45 seconds,ಸುಮಾರು 45 ಸೆಕೆಂಡ್,pending,
exercises.defs.eye-span.posture,Sit comfortably. Keep your eyes on the center dot — let things appear around it.,ಆರಾಮವಾಗಿ ಕುಳಿತುಕೊಳ್ಳಿ. ನೋಟವನ್ನು ಮಧ್ಯದ ಬಿಂದುವಿನ ಮೇಲಿಡಿ — ಅದರ ಸುತ್ತ ವಿಷಯಗಳು ಕಾಣಿಸುತ್ತವೆ.,pending,
exercises.defs.eye-span.doneTitle,You're noticing more.,ನೀವು ಹೆಚ್ಚು ಗಮನಿಸುತ್ತಿದ್ದೀರಿ.,pending,
exercises.defs.eye-span.doneLine,Calm and steady — your glance is widening.,ಶಾಂತ ಮತ್ತು ಸ್ಥಿರ — ನಿಮ್ಮ ನೋಟದ ವ್ಯಾಪ್ತಿ ಹೆಚ್ಚುತ್ತಿದೆ.,pending,
exercises.defs.eye-warm-up.description,Let's loosen up your eyes before we begin — relaxed eye muscles move faster and tire less during reading.,"ಆರಂಭಿಸುವ ಮೊದಲು ಕಣ್ಣುಗಳನ್ನು ಸಡಿಲಗೊಳಿಸೋಣ — ಆರಾಮವಾದ ಕಣ್ಣುಗಳು ಓದುವಾಗ ವೇಗವಾಗಿ ಚಲಿಸುತ್ತವೆ, ಕಡಿಮೆ ಸುಸ್ತಾಗುತ್ತವೆ.",pending,
exercises.defs.eye-warm-up.duration,About 45 seconds,ಸುಮಾರು 45 ಸೆಕೆಂಡ್,pending,
exercises.defs.eye-warm-up.posture,Sit comfortably. Keep your head still — let your eyes do the moving.,ಆರಾಮವಾಗಿ ಕುಳಿತುಕೊಳ್ಳಿ. ತಲೆ ಸ್ಥಿರವಾಗಿಡಿ — ಕಣ್ಣುಗಳು ಮಾತ್ರ ಚಲಿಸಲಿ.,pending,
exercises.defs.eye-warm-up.doneTitle,You're warmed up.,ಕಣ್ಣುಗಳು ಸಿದ್ಧ.,pending,
exercises.defs.eye-warm-up.doneLine,Nice and easy — your eyes are ready.,"ನಿಧಾನವಾಗಿ, ಸುಲಭವಾಗಿ — ನಿಮ್ಮ ಕಣ್ಣುಗಳು ಸಿದ್ಧವಾಗಿವೆ.",pending,
exercises.defs.rsvp.description,"Let's practice recognizing single words at a fixed point, without moving your eyes.","ಕಣ್ಣು ಚಲಿಸದೆ, ಒಂದೇ ಜಾಗದಲ್ಲಿ ಬರುವ ಒಂದೊಂದು ಪದವನ್ನು ಗುರುತಿಸುವ ಅಭ್ಯಾಸ ಮಾಡೋಣ.",pending,
exercises.defs.rsvp.duration,About 45 seconds,ಸುಮಾರು 45 ಸೆಕೆಂಡ್,pending,
exercises.defs.rsvp.posture,Sit comfortably. Keep your eyes still — let each word arrive and go without chasing it.,"ಆರಾಮವಾಗಿ ಕುಳಿತುಕೊಳ್ಳಿ. ಕಣ್ಣು ಸ್ಥಿರವಾಗಿಡಿ — ಪ್ರತಿ ಪದ ಬಂದು ಹೋಗಲಿ, ಅದರ ಹಿಂದೆ ಓಡಬೇಡಿ.",pending,
exercises.defs.rsvp.doneTitle,You stayed calm and steady.,"ನೀವು ಶಾಂತವಾಗಿ, ಸ್ಥಿರವಾಗಿ ಇದ್ದಿರಿ.",pending,
exercises.defs.rsvp.doneLine,That's the skill — recognizing words without anxiety about catching every one.,ಇದೇ ಕೌಶಲ್ಯ — ಪ್ರತಿ ಪದವನ್ನೂ ಹಿಡಿಯುವ ಆತಂಕವಿಲ್ಲದೆ ಪದಗಳನ್ನು ಗುರುತಿಸುವುದು.,pending,
exercises.dotMemory.desc,"A group of glowing dots flashes on the grid — remember where they are, then tap them from memory. {rounds} rounds, each a little harder than the last.","ಗ್ರಿಡ್‌ನಲ್ಲಿ ಹೊಳೆಯುವ ಚುಕ್ಕೆಗಳ ಗುಂಪು ಮಿಂಚುತ್ತದೆ — ಅವು ಎಲ್ಲಿದ್ದವು ಎಂದು ನೆನಪಿಡಿ, ನಂತರ ನೆನಪಿನಿಂದ ಟ್ಯಾಪ್ ಮಾಡಿ. {rounds} ಸುತ್ತುಗಳು, ಪ್ರತಿಯೊಂದೂ ಹಿಂದಿನದಕ್ಕಿಂತ ಸ್ವಲ್ಪ ಕಷ್ಟ.",pending,
exercises.dotMemory.memorize,Remember the glowing dots.,ಹೊಳೆಯುವ ಚುಕ್ಕೆಗಳನ್ನು ನೆನಪಿಡಿ.,pending,
exercises.dotMemory.recall,Tap the cells you remember.,ನೆನಪಿರುವ ಚೌಕಗಳನ್ನು ಟ್ಯಾಪ್ ಮಾಡಿ.,pending,
exercises.dotMemory.nice,Nice spatial recall.,ಜಾಗದ ನೆನಪು ಚೆನ್ನಾಗಿದೆ.,pending,
exercises.wordFlash.desc,"Short words flash quickly on the grid. Remember where each one was and what it said, then pick each one.","ಚಿಕ್ಕ ಪದಗಳು ಗ್ರಿಡ್‌ನಲ್ಲಿ ಬೇಗನೆ ಮಿಂಚುತ್ತವೆ. ಪ್ರತಿ ಪದ ಎಲ್ಲಿತ್ತು, ಏನಿತ್ತು ಎಂದು ನೆನಪಿಡಿ, ನಂತರ ಒಂದೊಂದಾಗಿ ಆರಿಸಿ.",pending,
exercises.wordFlash.memorize,Remember the words and their cells.,ಪದಗಳು ಮತ್ತು ಅವುಗಳ ಚೌಕಗಳನ್ನು ನೆನಪಿಡಿ.,pending,
exercises.wordFlash.pickWord,Pick the word you remember for that cell.,ಆ ಚೌಕಕ್ಕೆ ನೆನಪಿರುವ ಪದ ಆರಿಸಿ.,pending,
exercises.wordFlash.tapCell,"Tap a cell you remember, then pick its word.","ನೆನಪಿರುವ ಚೌಕ ಟ್ಯಾಪ್ ಮಾಡಿ, ನಂತರ ಅದರ ಪದ ಆರಿಸಿ.",pending,
exercises.wordFlash.whichWord,Cell {n}: which word was there?,ಚೌಕ {n}: ಅಲ್ಲಿ ಯಾವ ಪದ ಇತ್ತು?,pending,
exercises.wordFlash.nice,Nice word-and-place recall.,ಪದ ಮತ್ತು ಜಾಗದ ನೆನಪು ಚೆನ್ನಾಗಿದೆ.,pending,
exercises.common.gridSize,Grid size,ಗ್ರಿಡ್ ಗಾತ್ರ,pending,
exercises.common.gridCell,Grid cell {n},ಗ್ರಿಡ್ ಚೌಕ {n},pending,
exercises.common.missed,Here is what you missed.,ನೀವು ತಪ್ಪಿಸಿಕೊಂಡವು ಇವು.,pending,
exercises.common.correctPlacements,Correct placements,ಸರಿಯಾದ ಜಾಗಗಳು,pending,
exercises.common.preparing,Preparing…,ಸಿದ್ಧವಾಗುತ್ತಿದೆ…,pending,
exercises.common.finish,Finish,ಮುಗಿಸಿ,pending,
exercises.calmBalance.desc,"Two opposite energies — heavy Earth & Gold and light Air & Water — pull against each other. Hold “Ground It” or “Lift It” to stop the drift and keep them in balance. {rounds} rounds, each with a tighter balance and a stronger drift than the last.","ಎರಡು ವಿರುದ್ಧ ಶಕ್ತಿಗಳು — ಭಾರವಾದ ಭೂಮಿ ಮತ್ತು ಚಿನ್ನ, ಹಗುರವಾದ ಗಾಳಿ ಮತ್ತು ನೀರು — ಒಂದನ್ನೊಂದು ಎಳೆಯುತ್ತವೆ. ಹರಿವನ್ನು ತಡೆದು ಸಮತೋಲನ ಕಾಯ್ದುಕೊಳ್ಳಲು “ಕೆಳಗೆ ತನ್ನಿ” ಅಥವಾ “ಮೇಲೆತ್ತಿ” ಒತ್ತಿ ಹಿಡಿಯಿರಿ. {rounds} ಸುತ್ತುಗಳು, ಪ್ರತಿಯೊಂದರಲ್ಲೂ ಸಮತೋಲನ ಇನ್ನಷ್ಟು ಕಟ್ಟುನಿಟ್ಟು, ಹರಿವು ಇನ್ನಷ್ಟು ಬಲ.",pending,
exercises.calmBalance.holdGround,Hold Ground It to correct,ಸರಿಪಡಿಸಲು “ಕೆಳಗೆ ತನ್ನಿ” ಒತ್ತಿ ಹಿಡಿಯಿರಿ,pending,
exercises.calmBalance.holdLift,Hold Lift It to correct,ಸರಿಪಡಿಸಲು “ಮೇಲೆತ್ತಿ” ಒತ್ತಿ ಹಿಡಿಯಿರಿ,pending,
exercises.calmBalance.balanced,Perfectly balanced,ಸಂಪೂರ್ಣ ಸಮತೋಲನ,pending,
exercises.calmBalance.earthGold,Earth & Gold,ಭೂಮಿ ಮತ್ತು ಚಿನ್ನ,pending,
exercises.calmBalance.energyBeam,Energy Beam,ಶಕ್ತಿಯ ರೇಖೆ,pending,
exercises.calmBalance.airWater,Air & Water,ಗಾಳಿ ಮತ್ತು ನೀರು,pending,
exercises.calmBalance.groundIt,⬇ Ground It,⬇ ಕೆಳಗೆ ತನ್ನಿ,pending,
exercises.calmBalance.liftIt,⬆ Lift It,⬆ ಮೇಲೆತ್ತಿ,pending,
exercises.calmBalance.harmony,Harmony achieved,ಸಮತೋಲನ ಸಾಧಿಸಿದಿರಿ,pending,
exercises.calmBalance.harmonyLine,"{rounds} rounds of Earth, Gold, Air & Water — balanced.","ಭೂಮಿ, ಚಿನ್ನ, ಗಾಳಿ ಮತ್ತು ನೀರಿನ {rounds} ಸುತ್ತುಗಳು — ಸಮತೋಲನದಲ್ಲಿ.",pending,
exercises.calmBalance.overallStability,Overall stability,ಒಟ್ಟು ಸ್ಥಿರತೆ,pending,
exercises.calmBalance.perfectRoundStreak,Perfect round streak,ಸತತ ಪರಿಪೂರ್ಣ ಸುತ್ತುಗಳು,pending,
exercises.calmBalance.balanceTime,Balance time,ಸಮತೋಲನದ ಸಮಯ,pending,
exercises.calmBalance.bestStabilityAllTime,Best stability (all-time),ಈವರೆಗಿನ ಅತ್ಯುತ್ತಮ ಸ್ಥಿರತೆ,pending,
exercises.sound.soundscapeOn,Soundscape on,ಹಿನ್ನೆಲೆ ಶಬ್ದ ಆನ್,pending,
exercises.sound.soundscapeOff,Soundscape off,ಹಿನ್ನೆಲೆ ಶಬ್ದ ಆಫ್,pending,
exercises.sound.mute,Mute,ಶಬ್ದ ಆಫ್,pending,
exercises.sound.unmute,Unmute,ಶಬ್ದ ಆನ್,pending,
exercises.sound.volume,Volume,ಧ್ವನಿ ಮಟ್ಟ,pending,
exercises.sound.volumeLabel,Ambient soundscape volume,ಹಿನ್ನೆಲೆ ಶಬ್ದದ ಮಟ್ಟ,pending,
exercises.sound.pause,Pause,ನಿಲ್ಲಿಸಿ,pending,
exercises.sound.resume,Resume,ಮುಂದುವರಿಸಿ,pending,
exercises.sound.restart,Restart,ಮತ್ತೆ ಆರಂಭಿಸಿ,pending,
exercises.innerVoice.desc,A very fast stream of words — faster than your inner voice can keep up with. 3 quick questions then check what you remember.,ಪದಗಳ ತುಂಬಾ ವೇಗದ ಹರಿವು — ನಿಮ್ಮ ಒಳಗಿನ ಧ್ವನಿಗಿಂತಲೂ ವೇಗ. ನಂತರ 3 ಚಿಕ್ಕ ಪ್ರಶ್ನೆಗಳು ನಿಮಗೆ ಏನು ನೆನಪಿದೆ ಎಂದು ನೋಡುತ್ತವೆ.,pending,
exercises.innerVoice.todaysReading,Today’s reading: {topic},ಇಂದಿನ ಓದು: {topic},pending,
exercises.innerVoice.reading,Reading: {topic},ಓದು: {topic},pending,
exercises.innerVoice.perfect,"Perfect recall — you caught every key idea, without the inner voice.",ಪೂರ್ಣ ನೆನಪು — ಒಳಗಿನ ಧ್ವನಿ ಇಲ್ಲದೆ ಪ್ರತಿಯೊಂದು ಮುಖ್ಯ ವಿಚಾರ ಹಿಡಿದಿರಿ.,pending,
exercises.innerVoice.solid,Good understanding — most of it stayed with you even at high speed.,ಒಳ್ಳೆಯ ಅರ್ಥಗ್ರಹಣ — ಹೆಚ್ಚಿನ ವೇಗದಲ್ಲೂ ಹೆಚ್ಚಿನದು ನೆನಪಿನಲ್ಲಿ ಉಳಿಯಿತು.,pending,
exercises.innerVoice.again,Worth another try — a few key ideas slipped by at this speed.,ಇನ್ನೊಮ್ಮೆ ಪ್ರಯತ್ನಿಸಿ — ಈ ವೇಗದಲ್ಲಿ ಕೆಲವು ಮುಖ್ಯ ವಿಚಾರಗಳು ತಪ್ಪಿದವು.,pending,
exercises.innerVoice.streamComplete,Fast word stream complete.,ವೇಗದ ಪದ ಹರಿವು ಮುಗಿಯಿತು.,pending,
exercises.innerVoice.streamCompleteScore,Fast word stream complete — you remembered {score}/{total}.,ವೇಗದ ಪದ ಹರಿವು ಮುಗಿಯಿತು — ನಿಮಗೆ {total} ರಲ್ಲಿ {score} ನೆನಪಿತ್ತು.,pending,
exercises.quiz.retentionCheck,Memory check,ನೆನಪಿನ ಪರೀಕ್ಷೆ,pending,
exercises.quiz.youScored,You scored {score} / {total},ನಿಮ್ಮ ಸ್ಕೋರ್ {score} / {total},pending,
exercises.quiz.questionOf,{topic} · Question {n} of {total},{topic} · ಪ್ರಶ್ನೆ {n} / {total},pending,
exercises.quiz.correct,Correct!,ಸರಿ!,pending,
exercises.quiz.notQuite,Not quite — the correct answer is shown above.,ಸ್ವಲ್ಪದರಲ್ಲಿ ತಪ್ಪಿತು — ಸರಿಯಾದ ಉತ್ತರ ಮೇಲೆ ತೋರಿಸಲಾಗಿದೆ.,pending,
exercises.quiz.seeResults,See results,ಫಲಿತಾಂಶ ನೋಡಿ,pending,
exercises.quiz.nextQuestion,Next question,ಮುಂದಿನ ಪ್ರಶ್ನೆ,pending,
exercises.quiz.continue,Continue,ಮುಂದುವರಿಸಿ,pending,
exercises.quiz.niceWork,Nice work.,ಚೆನ್ನಾಗಿದೆ.,pending,
exercises.quiz.almostThere,Almost there.,ಇನ್ನು ಸ್ವಲ್ಪ.,pending,
exercises.quiz.correctOf,{correct} of {total} correct,{total} ರಲ್ಲಿ {correct} ಸರಿ,pending,
exercises.quiz.needToContinue,{correct} of {total} correct — need {need} to continue.,{total} ರಲ್ಲಿ {correct} ಸರಿ — ಮುಂದುವರಿಯಲು {need} ಬೇಕು.,pending,
exercises.quiz.nextAt,Next — {wpm} WPM,ಮುಂದೆ — {wpm} WPM,pending,
exercises.quiz.tryAgain,Try again,ಮತ್ತೆ ಪ್ರಯತ್ನಿಸಿ,pending,
exercises.quiz.checkUnderstanding,Check your understanding,ನಿಮ್ಮ ಅರ್ಥಗ್ರಹಣ ಪರೀಕ್ಷಿಸಿ,pending,
exercises.quiz.questionN,Question {n} of {total},ಪ್ರಶ್ನೆ {n} / {total},pending,
exercises.reading.avgPace,Average reading pace,ಸರಾಸರಿ ಓದಿನ ವೇಗ,pending,
exercises.reading.wordsRead,Words read,ಓದಿದ ಪದಗಳು,pending,
exercises.reading.completion,Completion,ಪೂರ್ಣತೆ,pending,
exercises.reading.bestRecord,Best record,ಅತ್ಯುತ್ತಮ ದಾಖಲೆ,pending,
exercises.reading.bestRecordValue,{wpm} WPM,{wpm} WPM,pending,
exercises.reading.readAgain,Read again,ಮತ್ತೆ ಓದಿ,pending,
exercises.schulte.desc,"A 5×5 grid of mixed-up numbers. Find and tap 1 to 25 in order, as fast as you can.","ಚದುರಿದ ಸಂಖ್ಯೆಗಳ 5×5 ಗ್ರಿಡ್. 1 ರಿಂದ 25 ರವರೆಗೆ ಕ್ರಮವಾಗಿ, ಸಾಧ್ಯವಾದಷ್ಟು ಬೇಗ ಹುಡುಕಿ ಟ್ಯಾಪ್ ಮಾಡಿ.",pending,
exercises.schulte.why,A quick warm-up for visual focus and side vision before a reading session.,ಓದುವ ಮೊದಲು ದೃಷ್ಟಿ ಫೋಕಸ್ ಮತ್ತು ಪಕ್ಕದ ನೋಟಕ್ಕೆ ಒಂದು ಚಿಕ್ಕ ವಾರ್ಮ್-ಅಪ್.,pending,
exercises.schulte.next,Next,ಮುಂದಿನದು,pending,
exercises.schulte.mistakes,Mistakes,ತಪ್ಪುಗಳು,pending,
exercises.schulte.complete,Grid complete,ಗ್ರಿಡ್ ಮುಗಿಯಿತು,pending,
exercises.schulte.nice,"Nice, focused search.","ಚೆನ್ನಾಗಿದೆ, ಗಮನದ ಹುಡುಕಾಟ.",pending,
exercises.schulte.totalTime,Total time,ಒಟ್ಟು ಸಮಯ,pending,
exercises.schulte.bestTime,Best time,ಅತ್ಯುತ್ತಮ ಸಮಯ,pending,
exercises.schulte.numbersFound,Numbers found,ಸಿಕ್ಕ ಸಂಖ್ಯೆಗಳು,pending,
exercises.result.trainingComplete,Training complete,ತರಬೇತಿ ಮುಗಿಯಿತು,pending,
exercises.result.activated,{ability} activated.,{ability} ಸಕ್ರಿಯವಾಯಿತು.,pending,
exercises.result.correct,Correct,ಸರಿ,pending,
exercises.result.speed,Speed,ವೇಗ,pending,
exercises.result.score,Score,ಸ್ಕೋರ್,pending,
exercises.result.avgReaction,Avg reaction,ಸರಾಸರಿ ಪ್ರತಿಕ್ರಿಯೆ,pending,
exercises.result.trainAgain,Train again,ಮತ್ತೆ ತರಬೇತಿ,pending,
exercises.result.continueNext,Continue to next step,ಮುಂದಿನ ಹೆಜ್ಜೆಗೆ ಹೋಗಿ,pending,
exercises.result.backToDashboard,Back to Dashboard,ಡ್ಯಾಶ್‌ಬೋರ್ಡ್‌ಗೆ ಹಿಂತಿರುಗಿ,pending,
exercises.result.fastest,Fastest response: {time},ಅತಿ ವೇಗದ ಪ್ರತಿಕ್ರಿಯೆ: {time},pending,
exercises.result.nextSession,Next session: {ms}ms · {level},ಮುಂದಿನ ಸೆಷನ್: {ms}ms · {level},pending,
exercises.result.coach.top,Excellent — both accuracy and speed are outstanding.,ಅದ್ಭುತ — ನಿಖರತೆ ಮತ್ತು ವೇಗ ಎರಡೂ ಉತ್ತಮ.,pending,
exercises.result.coach.great,Excellent recognition.,ಅದ್ಭುತ ಗುರುತಿಸುವಿಕೆ.,pending,
exercises.result.coach.strong,Strong performance. Your visual processing is getting sharper.,ಬಲವಾದ ಪ್ರದರ್ಶನ. ನಿಮ್ಮ ದೃಷ್ಟಿ ಗ್ರಹಣ ಚುರುಕಾಗುತ್ತಿದೆ.,pending,
exercises.result.coach.good,Good start. Regular practice builds the skill.,ಒಳ್ಳೆಯ ಆರಂಭ. ನಿಯಮಿತ ಅಭ್ಯಾಸದಿಂದ ಕೌಶಲ್ಯ ಬೆಳೆಯುತ್ತದೆ.,pending,
exercises.result.coach.keepGoing,Keep going — it will click with repetition.,ಮುಂದುವರಿಸಿ — ಪುನರಾವರ್ತನೆಯಿಂದ ಇದು ಸುಲಭವಾಗುತ್ತದೆ.,pending,
exercises.result.rec.increase,Excellent accuracy. Next time each flash is shorter: {ms}ms.,ಅದ್ಭುತ ನಿಖರತೆ. ಮುಂದಿನ ಬಾರಿ ಪ್ರತಿ ಮಿಂಚು ಇನ್ನಷ್ಟು ಚಿಕ್ಕದು: {ms}ms.,pending,
exercises.result.rec.increaseDetail,You are at the {level} level. Keep it steady.,ನೀವು {level} ಹಂತದಲ್ಲಿದ್ದೀರಿ. ಹೀಗೆಯೇ ಸ್ಥಿರವಾಗಿರಿ.,pending,
exercises.result.rec.decrease,Taking more time builds stronger recognition. Next time: {ms}ms.,ಸ್ವಲ್ಪ ಹೆಚ್ಚು ಸಮಯ ತೆಗೆದುಕೊಂಡರೆ ಗುರುತಿಸುವಿಕೆ ಬಲವಾಗುತ್ತದೆ. ಮುಂದಿನ ಬಾರಿ: {ms}ms.,pending,
exercises.result.rec.decreaseDetail,Accuracy matters more than speed right now.,ಈಗ ವೇಗಕ್ಕಿಂತ ನಿಖರತೆ ಮುಖ್ಯ.,pending,
exercises.result.rec.again,Another session at {ms}ms will make it stick.,{ms}ms ನಲ್ಲಿ ಇನ್ನೊಂದು ಸೆಷನ್ ಇದನ್ನು ಗಟ್ಟಿಗೊಳಿಸುತ್ತದೆ.,pending,
exercises.result.rec.againDetail,Get 70% or more regularly to move up.,ಮುಂದೆ ಹೋಗಲು ನಿಯಮಿತವಾಗಿ 70% ಅಥವಾ ಹೆಚ್ಚು ಪಡೆಯಿರಿ.,pending,
exercises.result.rec.different,Great consistency — try a different exercise to train your brain in a new way.,ಅದ್ಭುತ ನಿಯಮಿತತೆ — ಮೆದುಳನ್ನು ಹೊಸ ರೀತಿಯಲ್ಲಿ ತರಬೇತಿಗೊಳಿಸಲು ಬೇರೆ ವ್ಯಾಯಾಮ ಪ್ರಯತ್ನಿಸಿ.,pending,
exercises.result.rec.maintain,Good session. Regular practice builds real skill.,ಒಳ್ಳೆಯ ಸೆಷನ್. ನಿಯಮಿತ ಅಭ್ಯಾಸದಿಂದ ನಿಜವಾದ ಕೌಶಲ್ಯ ಬೆಳೆಯುತ್ತದೆ.,pending,
exercises.result.rec.maintainDetail,{accuracy}% accuracy at {ms}ms.,{ms}ms ನಲ್ಲಿ {accuracy}% ನಿಖರತೆ.,pending,
exercises.phrase.tagline,"Read ideas, not words","ಪದಗಳಲ್ಲ, ವಿಚಾರಗಳನ್ನು ಓದಿ",pending,
exercises.phrase.intro,Recognise complete ideas instead of reading word by word.,ಪದ-ಪದವಾಗಿ ಓದುವ ಬದಲು ಸಂಪೂರ್ಣ ವಿಚಾರವನ್ನು ಗುರುತಿಸಿ.,pending,
exercises.phrase.todaysGoal,Today’s goal,ಇಂದಿನ ಗುರಿ,pending,
exercises.phrase.currentLevel,Current level,ಈಗಿನ ಹಂತ,pending,
exercises.phrase.phraseLength,Phrase length,ಪದಗುಚ್ಛದ ಉದ್ದ,pending,
exercises.phrase.mission,Mission,ಮಿಷನ್,pending,
exercises.phrase.estimatedTime,Estimated time,ಅಂದಾಜು ಸಮಯ,pending,
exercises.phrase.about3,About 3 minutes,ಸುಮಾರು 3 ನಿಮಿಷ,pending,
exercises.phrase.brainSkill,Brain skill,ಮೆದುಳಿನ ಕೌಶಲ್ಯ,pending,
exercises.phrase.readingBenefit,Reading benefit,ಓದಿಗೆ ಲಾಭ,pending,
exercises.phrase.advancedPhrases,{n} advanced phrases,{n} ಮುಂದುವರಿದ ಪದಗುಚ್ಛಗಳು,pending,
exercises.phrase.meaningfulPhrases,{n} meaningful phrases,{n} ಅರ್ಥಪೂರ್ಣ ಪದಗುಚ್ಛಗಳು,pending,
exercises.phrase.level5Needs,Level 5 needs {percent}% correct,ಹಂತ 5 ಕ್ಕೆ {percent}% ಸರಿ ಬೇಕು,pending,
exercises.phrase.levelNeeds,Level {level} needs {pass} of {total} Brain Challenges correct,ಹಂತ {level} ಕ್ಕೆ {total} ರಲ್ಲಿ {pass} Brain Challenge ಸರಿ ಬೇಕು,pending,
exercises.phrase.missionN, · Mission {n}, · ಮಿಷನ್ {n},pending,
exercises.phrase.startMission,Start mission,ಮಿಷನ್ ಆರಂಭಿಸಿ,pending,
exercises.phrase.missionHud,Mission {mission} • Level {level},ಮಿಷನ್ {mission} • ಹಂತ {level},pending,
exercises.phrase.phraseLengthHud,Phrase length: {length},ಪದಗುಚ್ಛದ ಉದ್ದ: {length},pending,
exercises.phrase.levelMap,Level map: currently on Level {level} of 5,ಹಂತಗಳ ನಕ್ಷೆ: ಈಗ 5 ರಲ್ಲಿ ಹಂತ {level},pending,
exercises.phrase.levelOf5,Level {level} of 5,5 ರಲ್ಲಿ ಹಂತ {level},pending,
exercises.phrase.levelComplete,Level {level} complete,ಹಂತ {level} ಮುಗಿಯಿತು,pending,
exercises.phrase.levelN,Level {level},ಹಂತ {level},pending,
exercises.phrase.unlockNext,🔓 Level {level},🔓 ಹಂತ {level},pending,
exercises.phrase.lockedNext,🔒 Level {level},🔒 ಹಂತ {level},pending,
exercises.phrase.allLevels,🏆 All levels complete,🏆 ಎಲ್ಲಾ ಹಂತಗಳು ಮುಗಿದವು,pending,
exercises.phrase.continueNextLevel,Continue to next level,ಮುಂದಿನ ಹಂತಕ್ಕೆ ಹೋಗಿ,pending,
exercises.phrase.viewResults,View results,ಫಲಿತಾಂಶ ನೋಡಿ,pending,
exercises.phrase.need,Need {percent}%,{percent}% ಬೇಕು,pending,
exercises.phrase.brainChallenge,Brain Challenge,Brain Challenge,pending,
exercises.phrase.paused,Mission paused,ಮಿಷನ್ ನಿಲ್ಲಿಸಲಾಗಿದೆ,pending,
exercises.phrase.pausedAccuracy,{percent}% accuracy,{percent}% ನಿಖರತೆ,pending,
exercises.phrase.todaysAchievement,Today’s achievement:,ಇಂದಿನ ಸಾಧನೆ:,pending,
exercises.phrase.readingGain,Estimated reading gain:,ಓದಿನಲ್ಲಿ ಅಂದಾಜು ಏರಿಕೆ:,pending,
exercises.phrase.establishing,Establishing baseline,ಆರಂಭಿಕ ಅಳತೆ ತೆಗೆಯಲಾಗುತ್ತಿದೆ,pending,
exercises.phrase.gainWpm,{sign}{n} WPM,{sign}{n} WPM,pending,
exercises.phrase.readiness,Reading readiness:,ಓದಿನ ಸಿದ್ಧತೆ:,pending,
exercises.phrase.nextMission,Next mission:,ಮುಂದಿನ ಮಿಷನ್:,pending,
exercises.pause,Pause,ನಿಲ್ಲಿಸಿ,pending,
exercises.resume,Resume,ಮುಂದುವರಿಸಿ,pending,
exercises.pauseExercise,Pause exercise,ವ್ಯಾಯಾಮ ನಿಲ್ಲಿಸಿ,pending,
exercises.resumeExercise,Resume exercise,ವ್ಯಾಯಾಮ ಮುಂದುವರಿಸಿ,pending,
exercises.labels.10_12_words,10-12 Words,10-12 ಪದಗಳು,pending,
exercises.labels.12_16_words,12-16 Words,12-16 ಪದಗಳು,pending,
exercises.labels.16_22_words,16-22 Words,16-22 ಪದಗಳು,pending,
exercises.labels.2_words,2 Words,2 ಪದಗಳು,pending,
exercises.labels.3_words,3 Words,3 ಪದಗಳು,pending,
exercises.labels.4_words,4 Words,4 ಪದಗಳು,pending,
exercises.labels.5_words,5 Words,5 ಪದಗಳು,pending,
exercises.labels.6_8_words,6-8 Words,6-8 ಪದಗಳು,pending,
exercises.labels.8_10_words,8-10 Words,8-10 ಪದಗಳು,pending,
exercises.labels.a_real_measurement_total_words_shown_divided_by_total_readin,A real measurement — total words shown divided by total reading time — compared with your last session.,ನಿಜವಾದ ಅಳತೆ — ತೋರಿಸಿದ ಒಟ್ಟು ಪದಗಳು ÷ ಒಟ್ಟು ಓದಿನ ಸಮಯ — ಹಿಂದಿನ ಸೆಷನ್‌ಗೆ ಹೋಲಿಕೆ.,pending,
exercises.labels.accelerating,Accelerating,ವೇಗವಾಗಿ ಏರುತ್ತಿದೆ,pending,
exercises.labels.accuracy,Accuracy,ನಿಖರತೆ,pending,
exercises.labels.accuracy_weighted_toward_deep_understanding_questions_like_m,Accuracy weighted toward deep-understanding questions like Main Idea and Inference.,"ಮುಖ್ಯ ವಿಚಾರ, ನಿರ್ಣಯದಂತಹ ಆಳವಾದ ಪ್ರಶ್ನೆಗಳಿಗೆ ಹೆಚ್ಚು ತೂಕ ನೀಡಿದ ನಿಖರತೆ.",pending,
exercises.labels.activate_your_mind,Activate Your Mind,ನಿಮ್ಮ ಮನಸ್ಸನ್ನು ಚುರುಕುಗೊಳಿಸಿ,pending,
exercises.labels.advanced,Advanced,ಮುಂದುವರಿದ,pending,
exercises.labels.advanced_phrase_reading,Advanced Phrase Reading,ಮುಂದುವರಿದ ಪದಗುಚ್ಛ ಓದು,pending,
exercises.labels.advanced_phrase_reading_6_8_word_phrases_with_richer_cross_p,"Advanced Phrase Reading — 6-8 word phrases with richer, cross-pool challenges.","ಮುಂದುವರಿದ ಪದಗುಚ್ಛ ಓದು — 6-8 ಪದಗಳ ಪದಗುಚ್ಛಗಳು, ಹೆಚ್ಚು ಆಳವಾದ ಸವಾಲುಗಳೊಂದಿಗೆ.",pending,
exercises.labels.average_response_time,Average Response Time,ಸರಾಸರಿ ಪ್ರತಿಕ್ರಿಯೆ ಸಮಯ,pending,
exercises.labels.avg_reaction,Avg reaction,ಸರಾಸರಿ ಪ್ರತಿಕ್ರಿಯೆ,pending,
exercises.labels.avg_response,Avg Response,ಸರಾಸರಿ ಪ್ರತಿಕ್ರಿಯೆ,pending,
exercises.labels.avg_response_time,Avg Response Time,ಸರಾಸರಿ ಪ್ರತಿಕ್ರಿಯೆ ಸಮಯ,pending,
exercises.labels.back_to_lab,Back to Lab →,Lab ಗೆ ಹಿಂತಿರುಗಿ →,pending,
exercises.labels.begin,Begin,ಆರಂಭ,pending,
exercises.labels.begin_reading,Begin Reading,ಓದು ಆರಂಭ,pending,
exercises.labels.beginner,Beginner,ಆರಂಭಿಕ,pending,
exercises.labels.beginning,Beginning,ಆರಂಭ,pending,
exercises.labels.best_streak,Best Streak,ಅತಿ ಉದ್ದದ ಸರಣಿ,pending,
exercises.labels.blends_recognition_accuracy_with_whether_your_reading_pace_i,Blends recognition accuracy with whether your reading pace increased.,ಗುರುತಿನ ನಿಖರತೆ ಮತ್ತು ಓದಿನ ವೇಗ ಹೆಚ್ಚಿತೇ ಎಂಬುದನ್ನು ಸೇರಿಸಿ.,pending,
exercises.labels.brain_performance,Brain Performance,ಮೆದುಳಿನ ಸಾಮರ್ಥ್ಯ,pending,
exercises.labels.brain_xp,Brain XP,Brain XP,pending,
exercises.labels.building,Building,ಬೆಳೆಯುತ್ತಿದೆ,pending,
exercises.labels.building_comprehension,Building Comprehension,ಅರ್ಥಗ್ರಹಣ ಬೆಳೆಸುವುದು,pending,
exercises.labels.building_consistency,Building Consistency,ನಿಯಮಿತತೆ ಬೆಳೆಯುತ್ತಿದೆ,pending,
exercises.labels.building_momentum,Building Momentum,ವೇಗ ಹೆಚ್ಚುತ್ತಿದೆ,pending,
exercises.labels.choose_the_best_title,Choose the best title.,ಅತ್ಯುತ್ತಮ ಶೀರ್ಷಿಕೆ ಆರಿಸಿ.,pending,
exercises.labels.chunk_recognition_strengthened,Chunk Recognition Strengthened,ಪದಗುಚ್ಛ ಗುರುತು ಬಲವಾಯಿತು,pending,
exercises.labels.cognitive_training_points_earned_this_session,Cognitive training points earned this session.,ಈ ಸೆಷನ್‌ನಲ್ಲಿ ಗಳಿಸಿದ ಮೆದುಳಿನ ತರಬೇತಿ ಅಂಕಗಳು.,pending,
exercises.labels.complete_thoughts_are_landing_in_a_single_glance,Complete thoughts are landing in a single glance.,ಸಂಪೂರ್ಣ ವಿಚಾರಗಳು ಒಂದೇ ನೋಟದಲ್ಲಿ ಅರ್ಥವಾಗುತ್ತಿವೆ.,pending,
exercises.labels.complete_your_first_session_to_begin_scoring,Complete your first session to begin scoring,ಸ್ಕೋರ್ ಆರಂಭಿಸಲು ಮೊದಲ ಸೆಷನ್ ಮುಗಿಸಿ,pending,
exercises.labels.complex_ideas,Complex Ideas,ಸಂಕೀರ್ಣ ವಿಚಾರಗಳು,pending,
exercises.labels.complex_sentences_multiple_details_one_central_idea,"Complex sentences — multiple details, one central idea.","ಸಂಕೀರ್ಣ ವಾಕ್ಯಗಳು — ಹಲವು ವಿವರ, ಒಂದು ಮುಖ್ಯ ವಿಚಾರ.",pending,
exercises.labels.comprehension,Comprehension,ಅರ್ಥಗ್ರಹಣ,pending,
exercises.labels.comprehension_accuracy,Comprehension Accuracy,ಅರ್ಥಗ್ರಹಣ ನಿಖರತೆ,pending,
exercises.labels.comprehension_is_staying_reliable_as_sentences_grow_longer,Comprehension is staying reliable as sentences grow longer.,ವಾಕ್ಯಗಳು ಉದ್ದವಾದರೂ ಅರ್ಥಗ್ರಹಣ ಸ್ಥಿರವಾಗಿದೆ.,pending,
exercises.labels.comprehension_of_the_exact_wording_is_the_priority_before_pa,Comprehension of the exact wording is the priority before pace increases further.,ವೇಗ ಹೆಚ್ಚಿಸುವ ಮೊದಲು ನಿಖರ ಪದಗಳ ಅರ್ಥಗ್ರಹಣ ಮುಖ್ಯ.,pending,
exercises.labels.comprehension_speed_increased,Comprehension Speed Increased,ಅರ್ಥಗ್ರಹಣದ ವೇಗ ಹೆಚ್ಚಿತು,pending,
exercises.labels.comprehension_strengthened,Comprehension Strengthened,ಅರ್ಥಗ್ರಹಣ ಬಲವಾಯಿತು,pending,
exercises.labels.connected,Connected,ಜೋಡಿತ,pending,
exercises.labels.consistency,Consistency,ನಿಯಮಿತತೆ,pending,
exercises.labels.consistency_streak_momentum,Consistency & Streak Momentum,ನಿಯಮಿತತೆ ಮತ್ತು ಸತತ ದಿನಗಳು,pending,
exercises.labels.consistent_practice_is_keeping_your_mind_active,Consistent practice is keeping your mind active,ನಿಯಮಿತ ಅಭ್ಯಾಸ ನಿಮ್ಮ ಮನಸ್ಸನ್ನು ಚುರುಕಾಗಿಡುತ್ತಿದೆ,pending,
exercises.labels.continue,Continue →,ಮುಂದುವರಿಸಿ →,pending,
exercises.labels.continue_to_next_mission,Continue to Next Mission,ಮುಂದಿನ ಮಿಷನ್‌ಗೆ ಹೋಗಿ,pending,
exercises.labels.continue_to_next_step,Continue to Next Step,ಮುಂದಿನ ಹೆಜ್ಜೆಗೆ ಹೋಗಿ,pending,
exercises.labels.correct,Correct,ಸರಿ,pending,
exercises.labels.correct_answers,Correct Answers,ಸರಿ ಉತ್ತರಗಳು,pending,
exercises.labels.current_level,Current Level,ಈಗಿನ ಹಂತ,pending,
exercises.labels.developing,Developing,ಬೆಳೆಯುತ್ತಿದೆ,pending,
exercises.labels.elite,Elite,ಅಗ್ರ,pending,
exercises.labels.estimated_reading_speed_gain,Estimated Reading Speed Gain,ಓದಿನ ವೇಗದಲ್ಲಿ ಅಂದಾಜು ಏರಿಕೆ,pending,
exercises.labels.excellent,Excellent,ಅತ್ಯುತ್ತಮ,pending,
exercises.labels.excellent_idea_recognition,Excellent Idea Recognition.,ವಿಚಾರಗಳ ಅದ್ಭುತ ಗುರುತಿಸುವಿಕೆ.,pending,
exercises.labels.excellent_meaning_recognition,Excellent Meaning Recognition.,ಅರ್ಥದ ಅದ್ಭುತ ಗುರುತಿಸುವಿಕೆ.,pending,
exercises.labels.excellent_progress,Excellent Progress,ಅತ್ಯುತ್ತಮ ಪ್ರಗತಿ,pending,
exercises.labels.exceptional_consistency_and_mastery,Exceptional consistency and mastery,ಅಸಾಧಾರಣ ನಿಯಮಿತತೆ ಮತ್ತು ಪಾಂಡಿತ್ಯ,pending,
exercises.labels.exceptional_your_progress_is_accelerating,Exceptional — your progress is accelerating,ಅಸಾಧಾರಣ — ನಿಮ್ಮ ಪ್ರಗತಿ ವೇಗವಾಗುತ್ತಿದೆ,pending,
exercises.labels.expert,Expert,ಪರಿಣತ,pending,
exercises.labels.extended_phrase_fragments_longer_wording_still_never_a_full_,"Extended phrase fragments — longer wording, still never a full sentence.","ಉದ್ದದ ಪದಗುಚ್ಛಗಳು — ಹೆಚ್ಚು ಪದಗಳು, ಆದರೆ ಪೂರ್ಣ ವಾಕ್ಯವಲ್ಲ.",pending,
exercises.labels.extended_phrases,Extended Phrases,ಉದ್ದದ ಪದಗುಚ್ಛಗಳು,pending,
exercises.labels.fast,Fast,ವೇಗ,pending,
exercises.labels.first_ideas,First Ideas,ಮೊದಲ ವಿಚಾರಗಳು,pending,
exercises.labels.flash_speed,Flash Speed,ಫ್ಲ್ಯಾಶ್ ವೇಗ,pending,
exercises.labels.fluent_recognition,Fluent Recognition,ಸರಾಗ ಗುರುತಿಸುವಿಕೆ,pending,
exercises.labels.focus,Focus,ಗಮನಿಸಿ,pending,
exercises.labels.focus_center,Focus Center,ಮಧ್ಯವನ್ನು ನೋಡಿ,pending,
exercises.labels.focus_on_identifying_the_main_idea_faster,Focus on identifying the main idea faster.,ಮುಖ್ಯ ವಿಚಾರವನ್ನು ಬೇಗ ಗುರುತಿಸುವುದರ ಮೇಲೆ ಗಮನ ಕೊಡಿ.,pending,
exercises.labels.focus_on_recognising_the_whole_idea_not_each_word,"Focus on recognising the whole idea, not each word.","ಪ್ರತಿ ಪದವಲ್ಲ, ಸಂಪೂರ್ಣ ವಿಚಾರವನ್ನು ಗುರುತಿಸುವುದರ ಮೇಲೆ ಗಮನ ಕೊಡಿ.",pending,
exercises.labels.foundation,Foundation,ಅಡಿಪಾಯ,pending,
exercises.labels.full_idea_mastery,Full Idea Mastery,ಸಂಪೂರ್ಣ ವಿಚಾರ ಪಾಂಡಿತ್ಯ,pending,
exercises.labels.full_idea_recall_is_still_catching_up_to_this_sentence_lengt,Full-idea recall is still catching up to this sentence length.,ಈ ಉದ್ದದ ವಾಕ್ಯಗಳಲ್ಲಿ ಸಂಪೂರ್ಣ ವಿಚಾರ ನೆನಪಿಡುವುದು ಇನ್ನೂ ಬೆಳೆಯುತ್ತಿದೆ.,pending,
exercises.labels.full_length_sentences_complete_idea_mastery_in_a_single_visu,Full-length sentences — complete idea mastery in a single visual span.,ಪೂರ್ಣ ಉದ್ದದ ವಾಕ್ಯಗಳು — ಒಂದೇ ನೋಟದಲ್ಲಿ ಸಂಪೂರ್ಣ ವಿಚಾರ.,pending,
exercises.labels.fuller_sentences_recognizing_the_idea_without_reading_every_,Fuller sentences — recognizing the idea without reading every word.,ಹೆಚ್ಚು ತುಂಬಿದ ವಾಕ್ಯಗಳು — ಪ್ರತಿ ಪದ ಓದದೆ ವಿಚಾರ ಗುರುತಿಸುವುದು.,pending,
exercises.labels.get_ready,Get Ready,ಸಿದ್ಧರಾಗಿ,pending,
exercises.labels.go,Go,ಶುರು,pending,
exercises.labels.good,Good,ಒಳ್ಳೆಯದು,pending,
exercises.labels.growing,Growing,ಬೆಳೆಯುತ್ತಿದ್ದೀರಿ,pending,
exercises.labels.growing_consistently,Growing Consistently,ನಿರಂತರವಾಗಿ ಬೆಳೆಯುತ್ತಿದ್ದೀರಿ,pending,
exercises.labels.health,Health,ಆರೋಗ್ಯ,pending,
exercises.labels.highest_chunk_size,Highest Chunk Size,ಅತಿ ದೊಡ್ಡ ಪದಗುಚ್ಛ,pending,
exercises.labels.holding_the_complete_thought_in_mind_is_the_priority_before_,Holding the complete thought in mind is the priority before length increases further.,ಉದ್ದ ಹೆಚ್ಚಿಸುವ ಮೊದಲು ಸಂಪೂರ್ಣ ವಿಚಾರವನ್ನು ಮನಸ್ಸಿನಲ್ಲಿಡುವುದು ಮುಖ್ಯ.,pending,
exercises.labels.how_precisely_you_recognised_the_exact_idea_not_just_the_top,"How precisely you recognised the exact idea, not just the topic.","ವಿಷಯ ಮಾತ್ರವಲ್ಲ, ನಿಖರ ವಿಚಾರವನ್ನು ಎಷ್ಟು ಸರಿಯಾಗಿ ಗುರುತಿಸಿದಿರಿ.",pending,
exercises.labels.how_quickly_you_resolved_each_brain_challenge_active_compreh,"How quickly you resolved each Brain Challenge — active comprehension speed, not reading pace.","ಪ್ರತಿ Brain Challenge ಅನ್ನು ಎಷ್ಟು ಬೇಗ ಬಿಡಿಸಿದಿರಿ — ಅರ್ಥಮಾಡಿಕೊಳ್ಳುವ ವೇಗ, ಓದಿನ ವೇಗವಲ್ಲ.",pending,
exercises.labels.how_reliably_you_grasped_each_paragraph_as_one_whole_meaning,How reliably you grasped each paragraph as one whole meaning block.,ಪ್ರತಿ ಪ್ಯಾರಾಗ್ರಾಫ್ ಅನ್ನು ಒಂದು ಸಂಪೂರ್ಣ ಅರ್ಥವಾಗಿ ಎಷ್ಟು ನಿಖರವಾಗಿ ಗ್ರಹಿಸಿದಿರಿ.,pending,
exercises.labels.how_reliably_you_located_content_across_a_multi_line_paragra,How reliably you located content across a multi-line paragraph.,ಹಲವು ಸಾಲಿನ ಪ್ಯಾರಾಗ್ರಾಫ್‌ನಲ್ಲಿ ವಿಷಯವನ್ನು ಎಷ್ಟು ನಿಖರವಾಗಿ ಹುಡುಕಿದಿರಿ.,pending,
exercises.labels.how_reliably_you_recognised_each_chapter_s_central_idea,How reliably you recognised each chapter's central idea.,ಪ್ರತಿ ಅಧ್ಯಾಯದ ಮುಖ್ಯ ವಿಚಾರವನ್ನು ಎಷ್ಟು ನಿಖರವಾಗಿ ಗುರುತಿಸಿದಿರಿ.,pending,
exercises.labels.idea_processing_improved,Idea Processing Improved,ವಿಚಾರ ಗ್ರಹಣ ಸುಧಾರಿಸಿತು,pending,
exercises.labels.idea_processing_is_holding_steady_at_this_pace,Idea processing is holding steady at this pace.,ಈ ವೇಗದಲ್ಲಿ ವಿಚಾರ ಗ್ರಹಣ ಸ್ಥಿರವಾಗಿದೆ.,pending,
exercises.labels.idea_processing_speed_increased_this_session,Idea processing speed increased this session.,ಈ ಸೆಷನ್‌ನಲ್ಲಿ ವಿಚಾರ ಗ್ರಹಣದ ವೇಗ ಹೆಚ್ಚಿತು.,pending,
exercises.labels.idea_recognition,Idea Recognition,ವಿಚಾರ ಗುರುತಿಸುವಿಕೆ,pending,
exercises.labels.idea_recognition_and_rapid_meaning_processing,Idea recognition and rapid meaning processing,ವಿಚಾರ ಗುರುತಿಸುವಿಕೆ ಮತ್ತು ತ್ವರಿತ ಅರ್ಥ ಗ್ರಹಣ,pending,
exercises.labels.idea_recognition_becoming_automatic,Idea Recognition Becoming Automatic,ವಿಚಾರ ಗುರುತಿಸುವಿಕೆ ಸಹಜವಾಗುತ್ತಿದೆ,pending,
exercises.labels.idea_recognition_is_becoming_automatic,Idea recognition is becoming automatic.,ವಿಚಾರ ಗುರುತಿಸುವಿಕೆ ಸಹಜವಾಗುತ್ತಿದೆ.,pending,
exercises.labels.idea_recognition_is_forming_consistency_will_follow_with_pra,Idea recognition is forming — consistency will follow with practice.,ವಿಚಾರ ಗುರುತಿಸುವಿಕೆ ರೂಪುಗೊಳ್ಳುತ್ತಿದೆ — ಅಭ್ಯಾಸದಿಂದ ನಿಯಮಿತತೆ ಬರುತ್ತದೆ.,pending,
exercises.labels.idea_recognition_strengthened,Idea Recognition Strengthened,ವಿಚಾರ ಗುರುತಿಸುವಿಕೆ ಬಲವಾಯಿತು,pending,
exercises.labels.instant_numerical_recognition,Instant numerical recognition,ಸಂಖ್ಯೆಗಳ ತಕ್ಷಣ ಗುರುತು,pending,
exercises.labels.instant_visual_symbol_recognition,Instant visual symbol recognition,ಚಿಹ್ನೆಗಳ ತಕ್ಷಣ ಗುರುತು,pending,
exercises.labels.instant_word_recognition,Instant word recognition,ಪದಗಳ ತಕ್ಷಣ ಗುರುತು,pending,
exercises.labels.intermediate,Intermediate,ಮಧ್ಯಮ,pending,
exercises.labels.just_beginning,Just Beginning,ಈಗಷ್ಟೇ ಆರಂಭ,pending,
exercises.labels.keep_showing_up_daily,Keep showing up daily,ಪ್ರತಿದಿನ ಬರುತ್ತಾ ಇರಿ,pending,
exercises.labels.language_processing,Language Processing,ಭಾಷಾ ಗ್ರಹಣ,pending,
exercises.labels.language_processing_faster,Language Processing Faster,ಭಾಷಾ ಗ್ರಹಣ ವೇಗವಾಯಿತು,pending,
exercises.labels.language_processing_is_becoming_faster,Language processing is becoming faster.,ಭಾಷಾ ಗ್ರಹಣ ವೇಗವಾಗುತ್ತಿದೆ.,pending,
exercises.labels.learning_focused_phrases_recognising_complete_ideas_not_just,"Learning-focused phrases — recognising complete ideas, not just words.","ಕಲಿಕೆಯ ಪದಗುಚ್ಛಗಳು — ಪದಗಳಷ್ಟೇ ಅಲ್ಲ, ಸಂಪೂರ್ಣ ವಿಚಾರ ಗುರುತಿಸುವುದು.",pending,
exercises.labels.learning_phrases,Learning Phrases,ಕಲಿಕೆಯ ಪದಗುಚ್ಛಗಳು,pending,
exercises.labels.levels_completed,Levels Completed,ಮುಗಿದ ಹಂತಗಳು,pending,
exercises.labels.line_tracking,Line Tracking,ಸಾಲು ಅನುಸರಣೆ,pending,
exercises.labels.line_tracking_strengthened,Line Tracking Strengthened,ಸಾಲು ಅನುಸರಣೆ ಬಲವಾಯಿತು,pending,
exercises.labels.meaning_block_recognition_and_whole_paragraph_comprehension,Meaning block recognition and whole-paragraph comprehension,ಅರ್ಥದ ತುಣುಕು ಗುರುತು ಮತ್ತು ಪೂರ್ಣ ಪ್ಯಾರಾಗ್ರಾಫ್ ಅರ್ಥಗ್ರಹಣ,pending,
exercises.labels.meaning_recognition,Meaning Recognition,ಅರ್ಥ ಗುರುತಿಸುವಿಕೆ,pending,
exercises.labels.meaning_recognition_and_language_processing,Meaning recognition and language processing,ಅರ್ಥ ಗುರುತಿಸುವಿಕೆ ಮತ್ತು ಭಾಷಾ ಗ್ರಹಣ,pending,
exercises.labels.meaning_recognition_improved,Meaning Recognition Improved,ಅರ್ಥ ಗುರುತಿಸುವಿಕೆ ಸುಧಾರಿಸಿತು,pending,
exercises.labels.meaning_recognition_is_forming_consistency_will_follow_with_,Meaning recognition is forming — consistency will follow with practice.,ಅರ್ಥ ಗುರುತಿಸುವಿಕೆ ರೂಪುಗೊಳ್ಳುತ್ತಿದೆ — ಅಭ್ಯಾಸದಿಂದ ನಿಯಮಿತತೆ ಬರುತ್ತದೆ.,pending,
exercises.labels.meaning_recognition_is_holding_steady,Meaning recognition is holding steady.,ಅರ್ಥ ಗುರುತಿಸುವಿಕೆ ಸ್ಥಿರವಾಗಿದೆ.,pending,
exercises.labels.meaning_recognition_strengthened,Meaning Recognition Strengthened,ಅರ್ಥ ಗುರುತಿಸುವಿಕೆ ಬಲವಾಯಿತು,pending,
exercises.labels.meaning_rich,Meaning-Rich,ಅರ್ಥಪೂರ್ಣ,pending,
exercises.labels.meaning_rich_phrases_precise_recognition_among_near_identica,Meaning-rich phrases — precise recognition among near-identical wording.,ಅರ್ಥಪೂರ್ಣ ಪದಗುಚ್ಛಗಳು — ಬಹುತೇಕ ಒಂದೇ ರೀತಿಯ ಪದಗಳಲ್ಲಿ ನಿಖರ ಗುರುತು.,pending,
exercises.labels.mission_ready,Mission Ready,ಮಿಷನ್ ಸಿದ್ಧ,pending,
exercises.labels.mission_score,Mission Score,ಮಿಷನ್ ಸ್ಕೋರ್,pending,
exercises.labels.multi_word_visual_span,Multi-word visual span,ಒಂದೇ ನೋಟದಲ್ಲಿ ಹಲವು ಪದಗಳು,pending,
exercises.labels.nature,Nature,ಪ್ರಕೃತಿ,pending,
exercises.labels.neural_retraining,Neural Retraining,ಮೆದುಳಿನ ಮರುತರಬೇತಿ,pending,
exercises.labels.neural_retraining_index,Neural Retraining Index,ಮೆದುಳಿನ ಮರುತರಬೇತಿ ಸೂಚ್ಯಂಕ,pending,
exercises.labels.next_mission,Next Mission →,ಮುಂದಿನ ಮಿಷನ್ →,pending,
exercises.labels.numerical_recognition_sharpened,Numerical Recognition Sharpened,ಸಂಖ್ಯೆ ಗುರುತು ಚುರುಕಾಯಿತು,pending,
exercises.labels.pace,Pace,ವೇಗ,pending,
exercises.labels.pattern_recognition_sharpened,Pattern Recognition Sharpened,ಮಾದರಿ ಗುರುತು ಚುರುಕಾಯಿತು,pending,
exercises.labels.peak_performance,Peak Performance,ಶಿಖರ ಸಾಮರ್ಥ್ಯ,pending,
exercises.labels.precision_is_still_catching_up_to_this_pace,Precision is still catching up to this pace.,ಈ ವೇಗಕ್ಕೆ ನಿಖರತೆ ಇನ್ನೂ ಹೊಂದಿಕೊಳ್ಳುತ್ತಿದೆ.,pending,
exercises.labels.prepare,Prepare,ಸಿದ್ಧತೆ,pending,
exercises.labels.preparing_next_image,Preparing Next Image...,ಮುಂದಿನ ಚಿತ್ರ ಸಿದ್ಧವಾಗುತ್ತಿದೆ...,pending,
exercises.labels.processing_speed,Processing Speed,ಗ್ರಹಣ ವೇಗ,pending,
exercises.labels.psychology,Psychology,ಮನೋವಿಜ್ಞಾನ,pending,
exercises.labels.reaction_time,Reaction Time,ಪ್ರತಿಕ್ರಿಯೆ ಸಮಯ,pending,
exercises.labels.reading_fluency,Reading Fluency,ಓದಿನ ಸರಾಗತೆ,pending,
exercises.labels.reading_fluency_improved,Reading Fluency Improved,ಓದಿನ ಸರಾಗತೆ ಸುಧಾರಿಸಿತು,pending,
exercises.labels.reading_fluency_increased_this_session,Reading fluency increased this session.,ಈ ಸೆಷನ್‌ನಲ್ಲಿ ಓದಿನ ಸರಾಗತೆ ಹೆಚ್ಚಿತು.,pending,
exercises.labels.reading_intelligence,Reading Intelligence,ಓದಿನ ಬುದ್ಧಿಶಕ್ತಿ,pending,
exercises.labels.reading_pace,Reading Pace,ಓದಿನ ವೇಗ,pending,
exercises.labels.reading_rhythm_holding_steady_at_this_pace,Reading rhythm holding steady at this pace.,ಈ ವೇಗದಲ್ಲಿ ಓದಿನ ಲಯ ಸ್ಥಿರವಾಗಿದೆ.,pending,
exercises.labels.reading_speed,Reading Speed,ಓದಿನ ವೇಗ,pending,
exercises.labels.reading_speed_wpm_growth,Reading Speed (WPM Growth),ಓದಿನ ವೇಗ (WPM ಏರಿಕೆ),pending,
exercises.labels.ready_to_advance,Ready to Advance,ಮುಂದುವರಿಯಲು ಸಿದ್ಧ,pending,
exercises.labels.recognition_accuracy,Recognition Accuracy,ಗುರುತಿನ ನಿಖರತೆ,pending,
exercises.labels.recognition_speed_increased,Recognition Speed Increased,ಗುರುತಿನ ವೇಗ ಹೆಚ್ಚಿತು,pending,
exercises.labels.recognition_switching_and_cognitive_flexibility,Recognition switching and cognitive flexibility,ಗುರುತು ಬದಲಿಸುವಿಕೆ ಮತ್ತು ಮಾನಸಿಕ ನಮ್ಯತೆ,pending,
exercises.labels.recognition_switching_strengthened,Recognition Switching Strengthened,ಗುರುತು ಬದಲಿಸುವಿಕೆ ಬಲವಾಯಿತು,pending,
exercises.labels.recovering,Recovering,ಮರಳುತ್ತಿದ್ದೀರಿ,pending,
exercises.labels.replay_mission,Replay Mission,ಮಿಷನ್ ಮತ್ತೆ ಆಡಿ,pending,
exercises.labels.retry_mission,Retry Mission,ಮಿಷನ್ ಮತ್ತೆ ಪ್ರಯತ್ನಿಸಿ,pending,
exercises.labels.science,Science,ವಿಜ್ಞಾನ,pending,
exercises.labels.score,Score,ಸ್ಕೋರ್,pending,
exercises.labels.session_completed,Session Completed,ಸೆಷನ್ ಮುಗಿಯಿತು,pending,
exercises.labels.short_action_phrases_the_foundation_of_instant_meaning_recog,Short action phrases — the foundation of instant meaning recognition.,ಚಿಕ್ಕ ಕ್ರಿಯಾ ಪದಗುಚ್ಛಗಳು — ತಕ್ಷಣ ಅರ್ಥ ಗುರುತಿಸುವಿಕೆಯ ಅಡಿಪಾಯ.,pending,
exercises.labels.short_direct_sentences_the_foundation_of_instant_idea_recogn,"Short, direct sentences — the foundation of instant idea recognition.","ಚಿಕ್ಕ, ನೇರ ವಾಕ್ಯಗಳು — ತಕ್ಷಣ ವಿಚಾರ ಗುರುತಿಸುವಿಕೆಯ ಅಡಿಪಾಯ.",pending,
exercises.labels.simple,Simple,ಸರಳ,pending,
exercises.labels.simple_actions,Simple Actions,ಸರಳ ಕ್ರಿಯೆಗಳು,pending,
exercises.labels.slightly_longer_sentences_holding_one_complete_thought_in_mi,Slightly longer sentences — holding one complete thought in mind.,ಸ್ವಲ್ಪ ಉದ್ದದ ವಾಕ್ಯಗಳು — ಒಂದು ಸಂಪೂರ್ಣ ವಿಚಾರವನ್ನು ಮನಸ್ಸಿನಲ್ಲಿಡುವುದು.,pending,
exercises.labels.solid_habits_are_forming,Solid habits are forming,ಗಟ್ಟಿಯಾದ ಅಭ್ಯಾಸಗಳು ರೂಪುಗೊಳ್ಳುತ್ತಿವೆ,pending,
exercises.labels.spatial_reading_eye_navigation_and_line_tracking,"Spatial reading, eye navigation, and line tracking","ಸ್ಥಳಾಧಾರಿತ ಓದು, ಕಣ್ಣಿನ ಚಲನೆ ಮತ್ತು ಸಾಲು ಅನುಸರಣೆ",pending,
exercises.labels.speed,Speed,ವೇಗ,pending,
exercises.labels.stable,Stable,ಸ್ಥಿರ,pending,
exercises.labels.start_new_session,Start New Session,ಹೊಸ ಸೆಷನ್ ಆರಂಭಿಸಿ,pending,
exercises.labels.steady,Steady,ಸ್ಥಿರ,pending,
exercises.labels.strong_progress,Strong Progress,ಬಲವಾದ ಪ್ರಗತಿ,pending,
exercises.labels.sustained_reading_rhythm_at_an_expanding_chunk_size,Sustained reading rhythm at an expanding chunk size,ಹೆಚ್ಚುತ್ತಿರುವ ಪದಗುಚ್ಛ ಗಾತ್ರದೊಂದಿಗೆ ಸ್ಥಿರ ಓದಿನ ಲಯ,pending,
exercises.labels.technology,Technology,ತಂತ್ರಜ್ಞಾನ,pending,
exercises.labels.the_highest_level_you_have_reached_in_progressive_chunk_read,"The highest level you have reached in Progressive Chunk Reading, including today.","ಇಂದು ಸೇರಿ, Progressive Chunk Reading ನಲ್ಲಿ ನೀವು ತಲುಪಿದ ಅತಿ ಎತ್ತರದ ಹಂತ.",pending,
exercises.labels.the_highest_level_you_reached_this_session,The highest level you reached this session.,ಈ ಸೆಷನ್‌ನಲ್ಲಿ ತಲುಪಿದ ಅತಿ ಎತ್ತರದ ಹಂತ.,pending,
exercises.labels.the_largest_chunk_size_you_read_this_session,The largest chunk size you read this session.,ಈ ಸೆಷನ್‌ನಲ್ಲಿ ಓದಿದ ಅತಿ ದೊಡ್ಡ ಪದಗುಚ್ಛ.,pending,
exercises.labels.the_longest_run_of_consecutive_correct_answers_this_session,The longest run of consecutive correct answers this session.,ಈ ಸೆಷನ್‌ನಲ್ಲಿ ಸತತ ಸರಿ ಉತ್ತರಗಳ ಅತಿ ಉದ್ದದ ಸರಣಿ.,pending,
exercises.labels.the_share_of_all_brain_challenge_questions_answered_correctl,The share of all Brain Challenge questions answered correctly.,ಎಲ್ಲಾ Brain Challenge ಪ್ರಶ್ನೆಗಳಲ್ಲಿ ಸರಿಯಾಗಿ ಉತ್ತರಿಸಿದ ಭಾಗ.,pending,
exercises.labels.the_share_of_brain_challenges_answered_correctly,The share of Brain Challenges answered correctly.,ಸರಿಯಾಗಿ ಉತ್ತರಿಸಿದ Brain Challenge ಗಳ ಭಾಗ.,pending,
exercises.labels.theme_mastery,Theme Mastery,ವಿಷಯ ಪಾಂಡಿತ್ಯ,pending,
exercises.labels.this_phrase_is_mainly_about,This phrase is mainly about:,ಈ ಪದಗುಚ್ಛ ಮುಖ್ಯವಾಗಿ ಇದರ ಬಗ್ಗೆ:,pending,
exercises.labels.track_it,Track It,ಅನುಸರಿಸಿ,pending,
exercises.labels.train_again,Train Again,ಮತ್ತೆ ತರಬೇತಿ,pending,
exercises.labels.training_complete,Training Complete™,ತರಬೇತಿ ಮುಗಿಯಿತು,pending,
exercises.labels.very_good,Very Good,ತುಂಬಾ ಚೆನ್ನಾಗಿದೆ,pending,
exercises.labels.visual_recall,Visual Recall,ದೃಷ್ಟಿ ನೆನಪು,pending,
exercises.labels.visual_span_and_peripheral_awareness,Visual span and peripheral awareness,ನೋಟದ ವ್ಯಾಪ್ತಿ ಮತ್ತು ಸುತ್ತಲಿನ ಅರಿವು,pending,
exercises.labels.visual_span_expanded,Visual Span Expanded,ನೋಟದ ವ್ಯಾಪ್ತಿ ಹೆಚ್ಚಿತು,pending,
exercises.labels.visualization,Visualization,ಕಲ್ಪನೆ,pending,
exercises.labels.visualization_depth,Visualization Depth,ಕಲ್ಪನೆಯ ಆಳ,pending,
exercises.labels.what_caused_this,What caused this?,ಇದಕ್ಕೆ ಕಾರಣವೇನು?,pending,
exercises.labels.what_does_it_mean,What does it mean?,ಇದರ ಅರ್ಥವೇನು?,pending,
exercises.labels.what_was_the_main_idea,What was the main idea?,ಮುಖ್ಯ ವಿಚಾರ ಏನಾಗಿತ್ತು?,pending,
exercises.labels.what_was_the_phrase_mainly_about,What was the phrase mainly about?,ಪದಗುಚ್ಛ ಮುಖ್ಯವಾಗಿ ಯಾವುದರ ಬಗ್ಗೆ ಇತ್ತು?,pending,
exercises.labels.what_was_today_s_topic,What was today's topic?,ಇಂದಿನ ವಿಷಯ ಏನಾಗಿತ್ತು?,pending,
exercises.labels.whether_your_reading_pace_held_or_increased_alongside_compre,Whether your reading pace held or increased alongside comprehension.,ಅರ್ಥಗ್ರಹಣದೊಂದಿಗೆ ನಿಮ್ಮ ಓದಿನ ವೇಗ ಉಳಿಯಿತೇ ಅಥವಾ ಹೆಚ್ಚಿತೇ.,pending,
exercises.labels.which_ending_fits,Which ending fits?,ಯಾವ ಅಂತ್ಯ ಹೊಂದುತ್ತದೆ?,pending,
exercises.labels.which_exact_phrase_did_you_read,Which exact phrase did you read?,ನೀವು ಯಾವ ನಿಖರ ಪದಗುಚ್ಛ ಓದಿದಿರಿ?,pending,
exercises.labels.which_idea_was_not_mentioned,Which idea was NOT mentioned?,ಯಾವ ವಿಚಾರವನ್ನು ಹೇಳಿರಲಿಲ್ಲ?,pending,
exercises.labels.which_phrase_came_first,Which phrase came first?,ಯಾವ ಪದಗುಚ್ಛ ಮೊದಲು ಬಂತು?,pending,
exercises.labels.which_phrase_completes_it,Which phrase completes it?,ಯಾವ ಪದಗುಚ್ಛ ಇದನ್ನು ಪೂರ್ಣಗೊಳಿಸುತ್ತದೆ?,pending,
exercises.labels.which_phrase_has_the_same_meaning,Which phrase has the same meaning?,ಯಾವ ಪದಗುಚ್ಛಕ್ಕೆ ಅದೇ ಅರ್ಥವಿದೆ?,pending,
exercises.labels.which_sentence_best_summarizes_today_s_lesson,Which sentence best summarizes today's lesson?,ಯಾವ ವಾಕ್ಯ ಇಂದಿನ ಪಾಠವನ್ನು ಅತ್ಯುತ್ತಮವಾಗಿ ಸಾರಾಂಶಗೊಳಿಸುತ್ತದೆ?,pending,
exercises.labels.which_sentence_came_first,Which sentence came first?,ಯಾವ ವಾಕ್ಯ ಮೊದಲು ಬಂತು?,pending,
exercises.labels.which_statement_is_true,Which statement is TRUE?,ಯಾವ ಹೇಳಿಕೆ ಸರಿ?,pending,
exercises.labels.which_statement_means_the_same,Which statement means the same?,ಯಾವ ಹೇಳಿಕೆಗೆ ಅದೇ ಅರ್ಥ?,pending,
exercises.labels.which_word_best_represents_the_phrase,Which word best represents the phrase?,ಯಾವ ಪದ ಪದಗುಚ್ಛವನ್ನು ಅತ್ಯುತ್ತಮವಾಗಿ ತೋರಿಸುತ್ತದೆ?,pending,
exercises.labels.which_word_completes_it,Which word completes it?,ಯಾವ ಪದ ಇದನ್ನು ಪೂರ್ಣಗೊಳಿಸುತ್ತದೆ?,pending,
exercises.labels.words_per_minute_across_every_paragraph_you_actually_read_th,Words per minute across every paragraph you actually read this session.,ಈ ಸೆಷನ್‌ನಲ್ಲಿ ನೀವು ನಿಜವಾಗಿ ಓದಿದ ಎಲ್ಲಾ ಪ್ಯಾರಾಗ್ರಾಫ್‌ಗಳ ನಿಮಿಷಕ್ಕೆ ಪದಗಳು.,pending,
exercises.labels.you_are_building_a_strong_mind_practice,You are building a strong mind practice,ನೀವು ಬಲವಾದ ಮನಸ್ಸಿನ ಅಭ್ಯಾಸ ಬೆಳೆಸುತ್ತಿದ್ದೀರಿ,pending,
exercises.labels.you_are_consistently_grasping_the_complete_thought_not_just_,"You are consistently grasping the complete thought, not just isolated words.","ನೀವು ನಿರಂತರವಾಗಿ ಬಿಡಿ ಪದಗಳಲ್ಲ, ಸಂಪೂರ್ಣ ವಿಚಾರ ಗ್ರಹಿಸುತ್ತಿದ್ದೀರಿ.",pending,
exercises.labels.you_are_consistently_registering_the_exact_idea_not_just_the,"You are consistently registering the exact idea, not just the topic.","ನೀವು ನಿರಂತರವಾಗಿ ವಿಷಯ ಮಾತ್ರವಲ್ಲ, ನಿಖರ ವಿಚಾರ ಗ್ರಹಿಸುತ್ತಿದ್ದೀರಿ.",pending,
exercises.labels.you_recognise_ideas_quickly,You recognise ideas quickly.,ನೀವು ವಿಚಾರಗಳನ್ನು ಬೇಗ ಗುರುತಿಸುತ್ತೀರಿ.,pending,
exercises.labels.you_understand_concepts_quickly,You understand concepts quickly.,ನೀವು ಪರಿಕಲ್ಪನೆಗಳನ್ನು ಬೇಗ ಅರ್ಥಮಾಡಿಕೊಳ್ಳುತ್ತೀರಿ.,pending,
exercises.labels.your_longest_run_of_consecutive_correct_answers_this_session,Your longest run of consecutive correct answers this session.,ಈ ಸೆಷನ್‌ನಲ್ಲಿ ನಿಮ್ಮ ಸತತ ಸರಿ ಉತ್ತರಗಳ ಅತಿ ಉದ್ದದ ಸರಣಿ.,pending,
exercises.labels.your_mind_is_performing_at_a_high_level,Your mind is performing at a high level,ನಿಮ್ಮ ಮನಸ್ಸು ಉನ್ನತ ಮಟ್ಟದಲ್ಲಿ ಕೆಲಸ ಮಾಡುತ್ತಿದೆ,pending,
exercises.labels.your_mind_remembers_pick_up_where_you_left_off,Your mind remembers — pick up where you left off,ನಿಮ್ಮ ಮನಸ್ಸು ನೆನಪಿಡುತ್ತದೆ — ಬಿಟ್ಟಲ್ಲಿಂದ ಮುಂದುವರಿಸಿ,pending,
exercises.labels.your_practice_is_paying_off,Your practice is paying off,ನಿಮ್ಮ ಅಭ್ಯಾಸ ಫಲ ನೀಡುತ್ತಿದೆ,pending,
exercises.labels.your_transformation_is_ready_to_begin,Your transformation is ready to begin,ನಿಮ್ಮ ಬದಲಾವಣೆ ಆರಂಭಕ್ಕೆ ಸಿದ್ಧ,pending,
exercises.labels.your_transformation_starts_here,Your transformation starts here,ನಿಮ್ಮ ಬದಲಾವಣೆ ಇಲ್ಲಿಂದ ಆರಂಭ,pending,
exercises.sentence.intro,"Read a short themed chapter of full sentences, then recognise the whole idea.","ಒಂದು ವಿಷಯದ ಮೇಲಿನ ಪೂರ್ಣ ವಾಕ್ಯಗಳ ಚಿಕ್ಕ ಅಧ್ಯಾಯ ಓದಿ, ನಂತರ ಸಂಪೂರ್ಣ ವಿಚಾರವನ್ನು ಗುರುತಿಸಿ.",pending,
exercises.sentence.todaysTopic,Today’s topic,ಇಂದಿನ ವಿಷಯ,pending,
exercises.sentence.thisChapter,This chapter,ಈ ಅಧ್ಯಾಯ,pending,
exercises.sentence.readingGoal,Reading goal,ಓದಿನ ಗುರಿ,pending,
exercises.sentence.readCarefully,Read carefully — real questions about this chapter follow.,ಗಮನವಿಟ್ಟು ಓದಿ — ಈ ಅಧ್ಯಾಯದ ಮೇಲೆ ನಿಜವಾದ ಪ್ರಶ್ನೆಗಳು ಬರುತ್ತವೆ.,pending,
exercises.sentence.chapterOf5,Chapter {level} of 5,5 ರಲ್ಲಿ ಅಧ್ಯಾಯ {level},pending,
exercises.sentence.levelTheme,Level {level} · {theme},ಹಂತ {level} · {theme},pending,
exercises.sentence.sentenceLengthHud,Sentence length: {length},ವಾಕ್ಯದ ಉದ್ದ: {length},pending,
exercises.sentence.complexity,Sentence complexity,ವಾಕ್ಯದ ಕಷ್ಟ,pending,
exercises.sentence.complexityLabel,Sentence complexity: {label},ವಾಕ್ಯದ ಕಷ್ಟ: {label},pending,
exercises.sentence.stars,{n} out of 5 stars,5 ರಲ್ಲಿ {n} ನಕ್ಷತ್ರಗಳು,pending,
exercises.sentence.nextRecommendation,Next recommendation:,ಮುಂದಿನ ಸಲಹೆ:,pending,
exercises.sentence.themeMastered,{theme} mastered,{theme} ಪಾಂಡಿತ್ಯ ಸಾಧಿಸಿದಿರಿ,pending,
exercises.sentence.themeInProgress,{theme} in progress,{theme} ಪ್ರಗತಿಯಲ್ಲಿದೆ,pending,
exercises.sentence.todaysGoal,Today’s goal,ಇಂದಿನ ಗುರಿ,pending,
exercises.sentence.goalValue,Understand complete ideas,ಸಂಪೂರ್ಣ ವಿಚಾರಗಳನ್ನು ಅರ್ಥಮಾಡಿಕೊಳ್ಳಿ,pending,
exercises.sentence.level,Level,ಹಂತ,pending,
exercises.sentence.sentenceLength,Sentence length,ವಾಕ್ಯದ ಉದ್ದ,pending,
exercises.sentence.mission,Mission,ಮಿಷನ್,pending,
exercises.sentence.missionValue,1 chapter · 5 sentences,1 ಅಧ್ಯಾಯ · 5 ವಾಕ್ಯಗಳು,pending,
exercises.sentence.brainTarget,Brain target,ಮೆದುಳಿನ ಗುರಿ,pending,
exercises.sentence.brainTargetValue,Idea processing,ವಿಚಾರ ಗ್ರಹಣ,pending,
exercises.sentence.levelNeeds,Level {level} needs {percent}% correct,ಹಂತ {level} ಕ್ಕೆ {percent}% ಸರಿ ಬೇಕು,pending,
exercises.sentence.chapterComplete,Chapter {level} complete,ಅಧ್ಯಾಯ {level} ಮುಗಿಯಿತು,pending,
exercises.sentence.allCleared,🏆 All levels cleared,🏆 ಎಲ್ಲಾ ಹಂತಗಳು ದಾಟಿದಿರಿ,pending,
exercises.sentence.continue,Continue →,ಮುಂದುವರಿಸಿ →,pending,
exercises.sentence.viewResults,View results →,ಫಲಿತಾಂಶ ನೋಡಿ →,pending,
exercises.sentence.readOnceMore,Read once more,ಇನ್ನೊಮ್ಮೆ ಓದಿ,pending,
exercises.sentence.retry,Retry →,ಮತ್ತೆ →,pending,
exercises.sentence.letsSee,Let’s see what you understood.,ನೀವು ಏನು ಅರ್ಥಮಾಡಿಕೊಂಡಿರಿ ನೋಡೋಣ.,pending,
exercises.sentence.feedback1,Idea recognised,ವಿಚಾರ ಗುರುತಿಸಿದಿರಿ,pending,
exercises.sentence.feedback2,Great processing,ಅದ್ಭುತ ಗ್ರಹಣ,pending,
exercises.sentence.feedback3,Strong understanding,ಬಲವಾದ ಅರ್ಥಗ್ರಹಣ,pending,
exercises.sentence.keepBuilding,Keep building,ಬೆಳೆಸುತ್ತಾ ಇರಿ,pending,
mentor.title,Dr. Kapil’s Note™,Dr. Kapil’s Note™,pending,
mentor.fallback.firstSession,"{name}, your first Mind Session is ready — every expert was once a beginner.","{name}, ನಿಮ್ಮ ಮೊದಲ Mind Session ಸಿದ್ಧವಾಗಿದೆ — ಪ್ರತಿಯೊಬ್ಬ ಪರಿಣತರೂ ಒಮ್ಮೆ ಆರಂಭಿಕರೇ ಆಗಿದ್ದರು.",pending,
mentor.fallback.streakToday,"{name}, your {streak}-day streak is real commitment — keep building on this momentum.","{name}, ನಿಮ್ಮ {streak} ದಿನಗಳ ಸರಣಿ ನಿಜವಾದ ಬದ್ಧತೆ — ಇದೇ ವೇಗ ಮುಂದುವರಿಸಿ.",pending,
mentor.fallback.doneToday,"You’ve already shown up today, {name} — that’s how transformation happens.","{name}, ನೀವು ಇಂದು ಈಗಾಗಲೇ ಅಭ್ಯಾಸ ಮಾಡಿದ್ದೀರಿ — ಬದಲಾವಣೆ ಹೀಗೆಯೇ ಬರುತ್ತದೆ.",pending,
mentor.fallback.streakReady,"{name}, your {streak}-day streak is proof — your mind is ready for today’s practice.","{name}, ನಿಮ್ಮ {streak} ದಿನಗಳ ಸರಣಿಯೇ ಸಾಕ್ಷಿ — ನಿಮ್ಮ ಮನಸ್ಸು ಇಂದಿನ ಅಭ್ಯಾಸಕ್ಕೆ ಸಿದ್ಧ.",pending,
mentor.fallback.oneLeft,"{name}, you’re one exercise away from finishing — today is the day.","{name}, ಇನ್ನೊಂದೇ ವ್ಯಾಯಾಮ ಬಾಕಿ — ಇಂದೇ ಮುಗಿಸುವ ದಿನ.",pending,
mentor.fallback.progress,"{name}, you’ve completed {done} of {total} exercises — today’s session matters.","{name}, ನೀವು {total} ರಲ್ಲಿ {done} ವ್ಯಾಯಾಮಗಳನ್ನು ಮುಗಿಸಿದ್ದೀರಿ — ಇಂದಿನ ಸೆಷನ್ ಮುಖ್ಯ.",pending,
nav.dashboard,Dashboard,ಡ್ಯಾಶ್‌ಬೋರ್ಡ್,pending,
nav.history,History,ಇತಿಹಾಸ,pending,
nav.settings,Settings,ಸೆಟ್ಟಿಂಗ್‌ಗಳು,pending,
nav.documentStudio,Document Studio,Document Studio,pending,
nav.mainNavigation,Main navigation,ಮುಖ್ಯ ಮೆನು,pending,
nav.openNavigation,Open navigation,ಮೆನು ತೆರೆಯಿರಿ,pending,
nav.account,Account,ಖಾತೆ,pending,
nav.openAccountMenu,Open account menu,ಖಾತೆ ಮೆನು ತೆರೆಯಿರಿ,pending,
nav.profileSettings,Profile & Settings,ಪ್ರೊಫೈಲ್ ಮತ್ತು ಸೆಟ್ಟಿಂಗ್‌ಗಳು,pending,
nav.subscription,Subscription,ಚಂದಾದಾರಿಕೆ,pending,
nav.support,Support,ಸಹಾಯ,pending,
nav.privacy,Privacy Policy,ಗೌಪ್ಯತಾ ನೀತಿ,pending,
nav.terms,Terms of Service,ಸೇವಾ ನಿಯಮಗಳು,pending,
nav.refund,Refund & Cancellation Policy,ಮರುಪಾವತಿ ಮತ್ತು ರದ್ದತಿ ನೀತಿ,pending,
nav.signOut,Sign out,ಸೈನ್ ಔಟ್,pending,
nav.signingOut,Signing out…,ಸೈನ್ ಔಟ್ ಆಗುತ್ತಿದೆ…,pending,
nav.installApp,Install App,ಆ್ಯಪ್ ಇನ್‌ಸ್ಟಾಲ್ ಮಾಡಿ,pending,
nav.toggleTheme,Toggle theme,ಥೀಮ್ ಬದಲಿಸಿ,pending,
nav.lightMode,Switch to light mode,ಲೈಟ್ ಮೋಡ್‌ಗೆ ಬದಲಿಸಿ,pending,
nav.darkMode,Switch to dark mode,ಡಾರ್ಕ್ ಮೋಡ್‌ಗೆ ಬದಲಿಸಿ,pending,
progress.subtitle,Your live brain score — updated after every session.,ನಿಮ್ಮ ಲೈವ್ ಮೆದುಳಿನ ಸ್ಕೋರ್ — ಪ್ರತಿ ಸೆಷನ್ ನಂತರ ನವೀಕರಣಗೊಳ್ಳುತ್ತದೆ.,pending,
progress.overall,Overall intelligence,ಒಟ್ಟು ಬುದ್ಧಿಶಕ್ತಿ,pending,
progress.scoreAria,"Mind Score {score} out of 1000, Reading Intelligence {reading} percent","Mind Score 1000 ರಲ್ಲಿ {score}, ಓದಿನ ಬುದ್ಧಿಶಕ್ತಿ {reading} ಶೇಕಡಾ",pending,
progress.scoreProgress,Mind Score progress,Mind Score ಪ್ರಗತಿ,pending,
progress.dimensions,Intelligence dimensions,ಬುದ್ಧಿಶಕ್ತಿಯ ಆಯಾಮಗಳು,pending,
progress.dimensionsAria,Mind intelligence dimensions,ಮನಸ್ಸಿನ ಬುದ್ಧಿಶಕ್ತಿಯ ಆಯಾಮಗಳು,pending,
progress.outOf100,{label}: {score} out of 100,{label}: 100 ರಲ್ಲಿ {score},pending,
progress.notAttempted,{label}: not yet attempted,{label}: ಇನ್ನೂ ಆರಂಭಿಸಿಲ್ಲ,pending,
progress.startNow,Start now,ಈಗ ಆರಂಭಿಸಿ,pending,
progress.notStarted,Not started yet,ಇನ್ನೂ ಆರಂಭವಾಗಿಲ್ಲ,pending,
progress.vsPrior,{arrow} {n}% vs previous period,{arrow} ಹಿಂದಿನ ಅವಧಿಗಿಂತ {n}%,pending,
progress.totalSessions,Total sessions,ಒಟ್ಟು ಸೆಷನ್‌ಗಳು,pending,
progress.personalBest,Personal best,ನಿಮ್ಮ ಅತ್ಯುತ್ತಮ,pending,
progress.baseline,Baseline,ಆರಂಭ,pending,
progress.current,Current,ಈಗ,pending,
progress.best,Best,ಅತ್ಯುತ್ತಮ,pending,
progress.weekAria,Weekly activity: {n} of 7 days active.,ವಾರದ ಚಟುವಟಿಕೆ: 7 ರಲ್ಲಿ {n} ದಿನ ಸಕ್ರಿಯ.,pending,
progress.weekTrendUp, Practice is up {n}% versus last period., ಹಿಂದಿನ ಅವಧಿಗಿಂತ ಅಭ್ಯಾಸ {n}% ಹೆಚ್ಚಾಗಿದೆ.,pending,
progress.weekTrendDown, Practice is down {n}% versus last period., ಹಿಂದಿನ ಅವಧಿಗಿಂತ ಅಭ್ಯಾಸ {n}% ಕಡಿಮೆಯಾಗಿದೆ.,pending,
progress.daySessions,"{day}: {n} sessions, {time}","{day}: {n} ಸೆಷನ್‌ಗಳು, {time}",pending,
progress.daySession,"{day}: 1 session, {time}","{day}: 1 ಸೆಷನ್, {time}",pending,
progress.dayNone,{day}: no activity,{day}: ಚಟುವಟಿಕೆ ಇಲ್ಲ,pending,
progress.greatestStrength,Greatest strength,ಅತಿ ದೊಡ್ಡ ಶಕ್ತಿ,pending,
progress.needsImprovement,Needs improvement,ಸುಧಾರಣೆ ಬೇಕು,pending,
progress.fastestGrowing,Fastest growing,ಅತಿ ವೇಗದ ಬೆಳವಣಿಗೆ,pending,
progress.mostConsistent,Most consistent,ಅತ್ಯಂತ ನಿಯಮಿತ,pending,
progress.emptyFirst,Complete your first session,ನಿಮ್ಮ ಮೊದಲ ಸೆಷನ್ ಮುಗಿಸಿ,pending,
progress.emptyUnlock,Unlock more Labs to compare,ಹೋಲಿಸಲು ಇನ್ನಷ್ಟು Labs ತೆರೆಯಿರಿ,pending,
progress.emptyKeep,Keep practising to see trends,ಪ್ರವೃತ್ತಿ ನೋಡಲು ಅಭ್ಯಾಸ ಮುಂದುವರಿಸಿ,pending,
progress.emptyStreak,A 3-day streak unlocks this,3 ದಿನಗಳ ಸತತ ಅಭ್ಯಾಸ ಇದನ್ನು ತೆರೆಯುತ್ತದೆ,pending,
progress.moduleComplete,Eye Foundation Module complete,Eye Foundation ಮಾಡ್ಯೂಲ್ ಪೂರ್ಣ,pending,
progress.moduleCompleteBody,You have completed every exercise. Review any exercise to keep your Reading Intelligence score.,ನೀವು ಎಲ್ಲಾ ವ್ಯಾಯಾಮಗಳನ್ನು ಮುಗಿಸಿದ್ದೀರಿ. ನಿಮ್ಮ ಓದಿನ ಬುದ್ಧಿಶಕ್ತಿ ಸ್ಕೋರ್ ಉಳಿಸಿಕೊಳ್ಳಲು ಯಾವುದೇ ವ್ಯಾಯಾಮವನ್ನು ಮತ್ತೆ ಮಾಡಿ.,pending,
progress.highestImpact,Highest-impact practice,ಹೆಚ್ಚು ಪರಿಣಾಮದ ಅಭ್ಯಾಸ,pending,
progress.minutes,~{n} minutes,~{n} ನಿಮಿಷ,pending,
progress.plusReading,+Reading Intelligence,+ಓದಿನ ಬುದ್ಧಿಶಕ್ತಿ,pending,
progress.firstSession,Complete your first session to get a personal recommendation.,ವೈಯಕ್ತಿಕ ಸಲಹೆ ಪಡೆಯಲು ನಿಮ್ಮ ಮೊದಲ ಸೆಷನ್ ಮುಗಿಸಿ.,pending,
progress.review,Review,ಮತ್ತೆ ನೋಡಿ,pending,
progress.resumeX,Resume: {name},ಮತ್ತೆ ಆರಂಭಿಸಿ: {name},pending,
progress.startX,Start: {name},ಆರಂಭಿಸಿ: {name},pending,
progress.continueX,Continue: {name},ಮುಂದುವರಿಸಿ: {name},pending,
progress.overallGrowth,Overall: {label},ಒಟ್ಟು: {label},pending,
progress.weeklyAria,"{label}: {score} out of 100, {trend}","{label}: 100 ರಲ್ಲಿ {score}, {trend}",pending,
progress.trend.up,up,ಏರಿಕೆ,pending,
progress.trend.down,down,ಇಳಿಕೆ,pending,
progress.trend.stable,stable,ಸ್ಥಿರ,pending,
progress.trend.inactive,not yet attempted,ಇನ್ನೂ ಆರಂಭಿಸಿಲ್ಲ,pending,
progress.dayStreak,Day streak,ಸತತ ದಿನಗಳು,pending,
progress.bestN,Best: {n},ಅತ್ಯುತ್ತಮ: {n},pending,
progress.sessions,Sessions,ಸೆಷನ್‌ಗಳು,pending,
progress.exercises,Exercises,ವ್ಯಾಯಾಮಗಳು,pending,
progress.momentum,Momentum,ವೇಗ,pending,
progress.consistency,Consistency,ನಿಯಮಿತತೆ,pending,
progress.viewRoadmap,View roadmap →,ರೋಡ್‌ಮ್ಯಾಪ್ ನೋಡಿ →,pending,
progress.daysRange,Days {start}–{end},ದಿನ {start}–{end},pending,
progress.daysOf,{done} / {total} days,{done} / {total} ದಿನಗಳು,pending,
progress.parent.yourProgress,Your progress,ನಿಮ್ಮ ಪ್ರಗತಿ,pending,
progress.parent.weeklyView,"A weekly view of reading practice, understanding and consistency.","ಓದಿನ ಅಭ್ಯಾಸ, ಅರ್ಥಗ್ರಹಣ ಮತ್ತು ನಿಯಮಿತತೆಯ ವಾರದ ನೋಟ.",pending,
progress.parent.consistency,Consistency,ನಿಯಮಿತತೆ,pending,
progress.parent.currentStreak,Current streak,ಈಗಿನ ಸತತ ದಿನಗಳು,pending,
progress.parent.longestStreak,Longest streak,ಅತಿ ದೀರ್ಘ ಸರಣಿ,pending,
progress.parent.comprehensionScore,Comprehension score,ಅರ್ಥಗ್ರಹಣ ಸ್ಕೋರ್,pending,
progress.parent.comprehensionEmpty,Complete a quiz on an uploaded document to see your comprehension score here.,ನಿಮ್ಮ ಅರ್ಥಗ್ರಹಣ ಸ್ಕೋರ್ ಇಲ್ಲಿ ನೋಡಲು ಅಪ್‌ಲೋಡ್ ಮಾಡಿದ ಡಾಕ್ಯುಮೆಂಟ್‌ನಲ್ಲಿ ಕ್ವಿಜ್ ಮುಗಿಸಿ.,pending,
progress.parent.averageAll,Average across all quiz attempts,ಎಲ್ಲಾ ಕ್ವಿಜ್‌ಗಳ ಸರಾಸರಿ,pending,
progress.parent.documentMastery,Document mastery,ಡಾಕ್ಯುಮೆಂಟ್ ಪಾಂಡಿತ್ಯ,pending,
progress.parent.documentsCompleted,Documents completed,ಮುಗಿಸಿದ ಡಾಕ್ಯುಮೆಂಟ್‌ಗಳು,pending,
progress.parent.avgComprehension,Avg. comprehension,ಸರಾಸರಿ ಅರ್ಥಗ್ರಹಣ,pending,
progress.parent.todaysStatus,Today’s status,ಇಂದಿನ ಸ್ಥಿತಿ,pending,
progress.parent.practicedToday,Practised today,ಇಂದು ಅಭ್ಯಾಸ ಮಾಡಲಾಗಿದೆ,pending,
progress.parent.noPracticeToday,No practice yet today,ಇಂದು ಇನ್ನೂ ಅಭ್ಯಾಸ ಆಗಿಲ್ಲ,pending,
progress.parent.curriculumProgress,Daily curriculum progress,ದಿನನಿತ್ಯದ ಕೋರ್ಸ್ ಪ್ರಗತಿ,pending,
progress.parent.noDays,No {program} days completed yet.,ಇನ್ನೂ {program} ನ ಯಾವುದೇ ದಿನ ಮುಗಿದಿಲ್ಲ.,pending,
progress.parent.daysCompleted,Days completed,ಮುಗಿದ ದಿನಗಳು,pending,
progress.parent.currentlyOnDay,Currently on Day {day} of {total}.,ಈಗ {total} ರಲ್ಲಿ ದಿನ {day} ನಲ್ಲಿದ್ದೀರಿ.,pending,
progress.parent.speedTrend,Reading speed trend,ಓದಿನ ವೇಗದ ಪ್ರವೃತ್ತಿ,pending,
progress.parent.wpmAverage,{wpm} WPM average,ಸರಾಸರಿ {wpm} WPM,pending,
progress.parent.noSessionsWindow,No sessions in this period yet,ಈ ಅವಧಿಯಲ್ಲಿ ಇನ್ನೂ ಸೆಷನ್ ಇಲ್ಲ,pending,
progress.parent.days,{n}d,{n} ದಿನ,pending,
progress.parent.speedEmpty,Complete a reading session to start tracking speed here.,ಇಲ್ಲಿ ವೇಗ ನೋಡಲು ಒಂದು ಓದಿನ ಸೆಷನ್ ಮುಗಿಸಿ.,pending,
progress.parent.speedAria,"Reading speed from {from} to {to}, averaging {wpm} words per minute.","{from} ರಿಂದ {to} ವರೆಗಿನ ಓದಿನ ವೇಗ, ಸರಾಸರಿ ನಿಮಿಷಕ್ಕೆ {wpm} ಪದಗಳು.",pending,
progress.parent.chapterScores,Chapter scores,ಅಧ್ಯಾಯದ ಸ್ಕೋರ್‌ಗಳು,pending,
progress.parent.chapterEmpty,"Complete a Chapter Comprehension Check to see exact, per-chapter scores here.",ಪ್ರತಿ ಅಧ್ಯಾಯದ ನಿಖರ ಸ್ಕೋರ್ ಇಲ್ಲಿ ನೋಡಲು Chapter Comprehension Check ಮುಗಿಸಿ.,pending,
progress.parent.strong,Strong,ಬಲವಾಗಿದೆ,pending,
progress.parent.needsReview,Needs review,ಮತ್ತೆ ನೋಡಬೇಕು,pending,
progress.parent.reread,Re-read recommended,ಮತ್ತೆ ಓದಲು ಸಲಹೆ,pending,
progress.parent.sessionHistory,Session history,ಸೆಷನ್ ಇತಿಹಾಸ,pending,
progress.parent.noSessions,No completed sessions yet.,ಇನ್ನೂ ಯಾವುದೇ ಸೆಷನ್ ಮುಗಿದಿಲ್ಲ.,pending,
progress.parent.dayN,Day {day},ದಿನ {day},pending,
progress.parent.completed,Completed,ಮುಗಿದಿದೆ,pending,
settings.title,Settings,ಸೆಟ್ಟಿಂಗ್‌ಗಳು,pending,
settings.subtitle,Manage your account details.,ನಿಮ್ಮ ಖಾತೆಯ ವಿವರಗಳನ್ನು ನಿರ್ವಹಿಸಿ.,pending,
settings.language.title,Language,ಭಾಷೆ,pending,
settings.language.desc,The language of the app. Website pages stay in English or Hindi.,ಆ್ಯಪ್‌ನ ಭಾಷೆ. ವೆಬ್‌ಸೈಟ್ ಪುಟಗಳು ಇಂಗ್ಲಿಷ್ ಅಥವಾ ಹಿಂದಿಯಲ್ಲೇ ಇರುತ್ತವೆ.,pending,
settings.profile.title,Profile,ಪ್ರೊಫೈಲ್,pending,
settings.profile.desc,Update your public display name.,ನಿಮ್ಮ ತೋರಿಸುವ ಹೆಸರನ್ನು ಬದಲಿಸಿ.,pending,
settings.profile.fullName,Full name,ಪೂರ್ಣ ಹೆಸರು,pending,
settings.profile.placeholder,Your full name,ನಿಮ್ಮ ಪೂರ್ಣ ಹೆಸರು,pending,
settings.profile.save,Save changes,ಬದಲಾವಣೆ ಉಳಿಸಿ,pending,
settings.profile.saving,Saving…,ಉಳಿಸಲಾಗುತ್ತಿದೆ…,pending,
settings.profile.updated,Profile updated.,ಪ್ರೊಫೈಲ್ ನವೀಕರಿಸಲಾಗಿದೆ.,pending,
settings.profile.nameTooShort,Name must be at least 2 characters,ಹೆಸರು ಕನಿಷ್ಠ 2 ಅಕ್ಷರಗಳಿರಬೇಕು,pending,
settings.profile.nameTooLong,Name must be 100 characters or fewer,ಹೆಸರು 100 ಅಕ್ಷರಗಳು ಅಥವಾ ಕಡಿಮೆ ಇರಬೇಕು,pending,
settings.profile.failed,Could not update your profile. Please try again.,ಪ್ರೊಫೈಲ್ ನವೀಕರಿಸಲು ಆಗಲಿಲ್ಲ. ದಯವಿಟ್ಟು ಮತ್ತೆ ಪ್ರಯತ್ನಿಸಿ.,pending,
settings.password.title,Password,ಪಾಸ್‌ವರ್ಡ್,pending,
settings.password.desc,Choose a new password for your account.,ನಿಮ್ಮ ಖಾತೆಗೆ ಹೊಸ ಪಾಸ್‌ವರ್ಡ್ ಆರಿಸಿ.,pending,
settings.password.newPassword,New password,ಹೊಸ ಪಾಸ್‌ವರ್ಡ್,pending,
settings.password.confirm,Confirm new password,ಹೊಸ ಪಾಸ್‌ವರ್ಡ್ ಮತ್ತೆ ಬರೆಯಿರಿ,pending,
settings.password.minPlaceholder,Min 8 characters,ಕನಿಷ್ಠ 8 ಅಕ್ಷರಗಳು,pending,
settings.password.repeatPlaceholder,Repeat password,ಪಾಸ್‌ವರ್ಡ್ ಮತ್ತೆ ಬರೆಯಿರಿ,pending,
settings.password.update,Update password,ಪಾಸ್‌ವರ್ಡ್ ಬದಲಿಸಿ,pending,
settings.password.updating,Updating…,ಬದಲಿಸಲಾಗುತ್ತಿದೆ…,pending,
settings.password.updated,Password updated.,ಪಾಸ್‌ವರ್ಡ್ ಬದಲಾಗಿದೆ.,pending,
settings.password.tooShort,Password must be at least 8 characters,ಪಾಸ್‌ವರ್ಡ್ ಕನಿಷ್ಠ 8 ಅಕ್ಷರಗಳಿರಬೇಕು,pending,
settings.password.confirmRequired,Please confirm your password,ದಯವಿಟ್ಟು ಪಾಸ್‌ವರ್ಡ್ ಮತ್ತೆ ಬರೆಯಿರಿ,pending,
settings.password.mismatch,Passwords do not match,ಎರಡೂ ಪಾಸ್‌ವರ್ಡ್‌ಗಳು ಒಂದೇ ಆಗಿಲ್ಲ,pending,
settings.password.failed,Could not update your password. Please try again.,ಪಾಸ್‌ವರ್ಡ್ ಬದಲಿಸಲು ಆಗಲಿಲ್ಲ. ದಯವಿಟ್ಟು ಮತ್ತೆ ಪ್ರಯತ್ನಿಸಿ.,pending,
settings.sound.title,Sound,ಶಬ್ದ,pending,
settings.sound.desc,Control audio during exercises.,ವ್ಯಾಯಾಮದ ಸಮಯದ ಶಬ್ದವನ್ನು ನಿಯಂತ್ರಿಸಿ.,pending,
settings.sound.effects,Exercise sound effects,ವ್ಯಾಯಾಮದ ಶಬ್ದಗಳು,pending,
settings.sound.effectsDesc,"Tap chimes, right/wrong cues and calm focus tones during exercises.","ವ್ಯಾಯಾಮದ ವೇಳೆ ಟ್ಯಾಪ್ ಘಂಟೆ, ಸರಿ/ತಪ್ಪು ಸೂಚನೆ ಮತ್ತು ಶಾಂತ ಫೋಕಸ್ ಧ್ವನಿಗಳು.",pending,
settings.assessment.title,Reading Assessment,ಓದುವ ಮೌಲ್ಯಮಾಪನ,pending,
settings.assessment.desc,Retake your Smart Reading assessment for a document to re-measure how you read it.,"ಒಂದು ಡಾಕ್ಯುಮೆಂಟ್‌ಗೆ Smart Reading ಮೌಲ್ಯಮಾಪನವನ್ನು ಮತ್ತೆ ಮಾಡಿ, ನೀವು ಅದನ್ನು ಹೇಗೆ ಓದುತ್ತೀರಿ ಎಂದು ಮತ್ತೆ ಅಳೆಯಿರಿ.",pending,
settings.assessment.retake,Retake assessment,ಮೌಲ್ಯಮಾಪನ ಮತ್ತೆ ಮಾಡಿ,pending,
settings.assessment.retakeDone,You’ll be asked to reassess next time you open this document.,ಮುಂದಿನ ಬಾರಿ ಈ ಡಾಕ್ಯುಮೆಂಟ್ ತೆರೆದಾಗ ಮತ್ತೆ ಮೌಲ್ಯಮಾಪನ ಕೇಳಲಾಗುತ್ತದೆ.,pending,
settings.account.title,Account,ಖಾತೆ,pending,
settings.account.email,Email:,ಇಮೇಲ್:,pending,
settings.errors.invalidInput,Please check what you entered.,ದಯವಿಟ್ಟು ನೀವು ಬರೆದದ್ದನ್ನು ಪರಿಶೀಲಿಸಿ.,pending,
settings.errors.notSignedIn,Please sign in again.,ದಯವಿಟ್ಟು ಮತ್ತೆ ಸೈನ್ ಇನ್ ಮಾಡಿ.,pending,
welcome.journey.line1,Rewire your brain.,ನಿಮ್ಮ ಮೆದುಳನ್ನು ಹೊಸದಾಗಿ ರೂಪಿಸಿ.,pending,
welcome.journey.line2,Build lasting habits.,ಉಳಿಯುವ ಅಭ್ಯಾಸಗಳನ್ನು ಬೆಳೆಸಿ.,pending,
welcome.journey.line3,Grow your potential in just 10 minutes a day.,ದಿನಕ್ಕೆ ಕೇವಲ 10 ನಿಮಿಷದಲ್ಲಿ ನಿಮ್ಮ ಸಾಮರ್ಥ್ಯ ಬೆಳೆಸಿ.,pending,
welcome.journey.cardDesc,"Daily focus drills, visualisation and habit-building exercises.","ದಿನನಿತ್ಯದ ಫೋಕಸ್ ಡ್ರಿಲ್, ಕಲ್ಪನೆ ಮತ್ತು ಅಭ್ಯಾಸ ಬೆಳೆಸುವ ವ್ಯಾಯಾಮಗಳು.",pending,
welcome.journey.point1,Daily mindset & focus drills,ದಿನನಿತ್ಯದ ಮನಸ್ಥಿತಿ ಮತ್ತು ಫೋಕಸ್ ಡ್ರಿಲ್,pending,
welcome.journey.point2,Guided breathing & visualisation,ಮಾರ್ಗದರ್ಶಿತ ಉಸಿರಾಟ ಮತ್ತು ಕಲ್ಪನೆ,pending,
welcome.journey.point3,21-day step-by-step habit loop,21 ದಿನಗಳ ಹಂತ-ಹಂತದ ಅಭ್ಯಾಸ ಚಕ್ರ,pending,
welcome.journey.start,Start training →,ತರಬೇತಿ ಆರಂಭಿಸಿ →,pending,
welcome.program.format,Online · 7 live classes + 30 days of app practice,ಆನ್‌ಲೈನ್ · 7 ಲೈವ್ ತರಗತಿಗಳು + 30 ದಿನ ಆ್ಯಪ್ ಅಭ್ಯಾಸ,pending,
welcome.program.outcome,"Read faster with understanding, focus longer, remember more — measured from your own Day 1 to Day 30.","ಅರ್ಥದೊಂದಿಗೆ ವೇಗವಾಗಿ ಓದಿ, ಹೆಚ್ಚು ಹೊತ್ತು ಫೋಕಸ್ ಮಾಡಿ, ಹೆಚ್ಚು ನೆನಪಿಡಿ — ನಿಮ್ಮದೇ ದಿನ 1 ರಿಂದ ದಿನ 30 ರವರೆಗೆ ಅಳೆಯಲಾಗುತ್ತದೆ.",pending,
welcome.program.earlyBirdLine,Early-bird for the {date} batch · {price} (regular {regular}),{date} ಬ್ಯಾಚ್‌ಗೆ ಅರ್ಲಿ-ಬರ್ಡ್ · {price} (ಸಾಮಾನ್ಯ {regular}),pending,
welcome.program.regularLine,One-time payment · {price} · next batch {date},ಒಂದೇ ಬಾರಿ ಪಾವತಿ · {price} · ಮುಂದಿನ ಬ್ಯಾಚ್ {date},pending,
welcome.app.title,Read faster. Remember more.,ವೇಗವಾಗಿ ಓದಿ. ಹೆಚ್ಚು ನೆನಪಿಡಿ.,pending,
welcome.app.line1,Master any book — guided live by Dr. Kapil Dev Sharma.,ಯಾವುದೇ ಪುಸ್ತಕವನ್ನು ಚೆನ್ನಾಗಿ ಕಲಿಯಿರಿ — Dr. Kapil Dev Sharma ಅವರ ಲೈವ್ ಮಾರ್ಗದರ್ಶನದಲ್ಲಿ.,pending,
welcome.app.line2,7 live classes. One mentor.,7 ಲೈವ್ ತರಗತಿಗಳು. ಒಬ್ಬ ಮಾರ್ಗದರ್ಶಕ.,pending,
welcome.app.line3,Real progress.,ನಿಜವಾದ ಪ್ರಗತಿ.,pending,
welcome.app.sharpBrainDesc,A structured 30-day program — guided live by Dr. Kapil Dev Sharma.,30 ದಿನಗಳ ಕ್ರಮಬದ್ಧ ಕಾರ್ಯಕ್ರಮ — Dr. Kapil Dev Sharma ಅವರ ಲೈವ್ ಮಾರ್ಗದರ್ಶನದಲ್ಲಿ.,pending,
welcome.app.sharpBrainPoint1,"Peripheral Vision Activator, Rapid Recognition Drill, Chunk Reading","Peripheral Vision Activator, Rapid Recognition Drill, Chunk Reading",pending,
welcome.app.sharpBrainPoint2,7 live classes with Dr. Kapil Dev Sharma,Dr. Kapil Dev Sharma ಅವರೊಂದಿಗೆ 7 ಲೈವ್ ತರಗತಿಗಳು,pending,
welcome.app.start,Start training →,ತರಬೇತಿ ಆರಂಭಿಸಿ →,pending,
welcome.app.uploadTitle,Upload & Learn,ಅಪ್‌ಲೋಡ್ ಮಾಡಿ ಕಲಿಯಿರಿ,pending,
welcome.app.uploadDesc,"Turn any PDF or textbook into speed-reading drills, mind maps and smart summaries.","ಯಾವುದೇ PDF ಅಥವಾ ಪಠ್ಯಪುಸ್ತಕವನ್ನು ವೇಗದ ಓದು ಡ್ರಿಲ್, ಮೈಂಡ್ ಮ್ಯಾಪ್ ಮತ್ತು ಸ್ಮಾರ್ಟ್ ಸಾರಾಂಶಗಳಾಗಿ ಮಾಡಿ.",pending,
welcome.app.uploadPoint1,AI-made speed-reading drills,AI ತಯಾರಿಸಿದ ವೇಗದ ಓದು ಡ್ರಿಲ್,pending,
welcome.app.uploadPoint2,Mind maps & smart summaries,ಮೈಂಡ್ ಮ್ಯಾಪ್ ಮತ್ತು ಸ್ಮಾರ್ಟ್ ಸಾರಾಂಶ,pending,
welcome.app.uploadPoint3,Works with any PDF or textbook,ಯಾವುದೇ PDF ಅಥವಾ ಪಠ್ಯಪುಸ್ತಕದೊಂದಿಗೆ ಕೆಲಸ ಮಾಡುತ್ತದೆ,pending,
welcome.app.uploadCta,Upload & Learn →,ಅಪ್‌ಲೋಡ್ ಮಾಡಿ ಕಲಿಯಿರಿ →,pending,
welcome.lock.partOf,{title} is part of the {program},"{title}, {program} ನ ಭಾಗ",pending,
welcome.lock.enrolOnce,"Enrol once ({price}, one-time) to open this exercise and all 30 days of the curriculum, with 7 live classes with Dr. Kapil Dev Sharma.","ಒಮ್ಮೆ ನೋಂದಾಯಿಸಿ ({price}, ಒಂದೇ ಬಾರಿ) — ಈ ವ್ಯಾಯಾಮ ಮತ್ತು ಕೋರ್ಸ್‌ನ ಎಲ್ಲಾ 30 ದಿನಗಳು ತೆರೆಯುತ್ತವೆ, ಜೊತೆಗೆ Dr. Kapil Dev Sharma ಅವರೊಂದಿಗೆ 7 ಲೈವ್ ತರಗತಿಗಳು.",pending,
welcome.lock.enrolFor,Enrol for {price},{price} ಗೆ ನೋಂದಾಯಿಸಿ,pending,
welcome.lock.seeProgram,See the program,ಕಾರ್ಯಕ್ರಮ ನೋಡಿ,pending,
